productsIDs,nation_id,Nation,revenue_thousand_CP,Business.Unit,Type,Products.Business.Line.Leader,Subtype,Product.Name,Brand.Name,Brand.Manager
10338620,5,Baldur's Gate,507.98,COMMISSIONS,ARMS & ARMOUR,T'avin T'soban,LIGHT ARMOUR,Hide of the Feral Guardian,RED CURTAIN,Siras Invictus
10338620,38,Narfell,33.54,COMMISSIONS,ARMS & ARMOUR,T'avin T'soban,LIGHT ARMOUR,Hide of the Feral Guardian,RED CURTAIN,Siras Invictus
10338620,43,Sembia,827,COMMISSIONS,ARMS & ARMOUR,T'avin T'soban,LIGHT ARMOUR,Hide of the Feral Guardian,RED CURTAIN,Siras Invictus
10687153,43,Sembia,1037.82,ADVENTURING,ARMS & ARMOUR,T'avin T'soban,MARTIAL MELEE WEAPON,Tentacle Rod,MYTHAL,Arentian Mythrandius
10687153,46,Snowdown,67.66,ADVENTURING,ARMS & ARMOUR,T'avin T'soban,MARTIAL MELEE WEAPON,Tentacle Rod,MYTHAL,Arentian Mythrandius
10687153,6,Blingdenstone,403.12,ADVENTURING,ARMS & ARMOUR,T'avin T'soban,MARTIAL MELEE WEAPON,Tentacle Rod,MYTHAL,Arentian Mythrandius
10687153,14,Dambrath,703.31,ADVENTURING,ARMS & ARMOUR,T'avin T'soban,MARTIAL MELEE WEAPON,Tentacle Rod,MYTHAL,Arentian Mythrandius
10965860,22,Icewind Dale,39.56,LUXURY SPECIALTIES,ADVENTURING EQUIPMENT,Bubbles,MAGIC UTILITY,Kyrzins Ooze,SABLE,Nundro Rockseeker
11041038,49,Thay,833.28,ADVENTURING,ARMS & ARMOUR,T'avin T'soban,MARTIAL RANGED WEAPON,Longbow,U.N.N.,Ruralion Baeneduren
11041038,3,Amn,1180.2,ADVENTURING,ARMS & ARMOUR,T'avin T'soban,MARTIAL RANGED WEAPON,Longbow,U.N.N.,Ruralion Baeneduren
11041038,2,Alaron,439.32,ADVENTURING,ARMS & ARMOUR,T'avin T'soban,MARTIAL RANGED WEAPON,Longbow,U.N.N.,Ruralion Baeneduren
11539502,42,Ruathym,83.61,ADVENTURING,ARMS & ARMOUR,T'avin T'soban,SIMPLE MELEE WEAPON,Hellsteel Simple Melee Weapon,U.N.N.,Ruralion Baeneduren
11737785,16,Dwarfholds,630.44,LUXURY SPECIALTIES,ARMS & ARMOUR,T'avin T'soban,WAND,Wand of Viscid Globs,ARCANTIC,Enthoril Murkywaters
11794259,49,Thay,747.88,ADVENTURING,ARMS & ARMOUR,T'avin T'soban,LIGHT ARMOUR,Studded leather armour,RED CURTAIN,Siras Invictus
11794259,39,Neverwinter,274.35,ADVENTURING,ARMS & ARMOUR,T'avin T'soban,LIGHT ARMOUR,Studded leather armour,RED CURTAIN,Siras Invictus
11794259,3,Amn,1091.2,ADVENTURING,ARMS & ARMOUR,T'avin T'soban,LIGHT ARMOUR,Studded leather armour,RED CURTAIN,Siras Invictus
11929061,17,Estagund,540.28,ADVENTURING,ARMS & ARMOUR,T'avin T'soban,MARTIAL MELEE WEAPON,Maul,RED CURTAIN,Siras Invictus
11929061,42,Ruathym,170.14,ADVENTURING,ARMS & ARMOUR,T'avin T'soban,MARTIAL MELEE WEAPON,Maul,RED CURTAIN,Siras Invictus
11929061,39,Neverwinter,367.43,ADVENTURING,ARMS & ARMOUR,T'avin T'soban,MARTIAL MELEE WEAPON,Maul,RED CURTAIN,Siras Invictus
11929061,7,Calimshan,424.44,ADVENTURING,ARMS & ARMOUR,T'avin T'soban,MARTIAL MELEE WEAPON,Maul,RED CURTAIN,Siras Invictus
12042414,57,Zakhara,36.21,LUXURY SPECIALTIES,ADVENTURING EQUIPMENT,Bubbles,MAGIC UTILITY,Gavel of the Venn Rune,SABLE,Nundro Rockseeker
12042414,30,Mantol Dereith,28.63,LUXURY SPECIALTIES,ADVENTURING EQUIPMENT,Bubbles,MAGIC UTILITY,Gavel of the Venn Rune,SABLE,Nundro Rockseeker
12066739,46,Snowdown,88.61,ADVENTURING,ADVENTURING EQUIPMENT,Bubbles,CLOTHING,Toque,RED CURTAIN,Siras Invictus
12080329,21,Halruaa,121.41,ADVENTURING,TOOLS & KITS,Kay Glimshine,TOOLS,Pole (3m collapsable),U.N.N.,Ruralion Baeneduren
12150555,20,Gundarlund,37.84,LUXURY SPECIALTIES,ARMS & ARMOUR,T'avin T'soban,STAFF,Staff of Charming,RED CURTAIN,Siras Invictus
12329047,54,Veldorn,39.56,LUXURY SPECIALTIES,SUMMONING DEVICE,Gundren Rockseeker,SUMMONING DEVICE,Bowl of Commanding Water Elementals,BORDERLANDS,Thaldrak Battlehammer
12329047,22,Icewind Dale,51.43,LUXURY SPECIALTIES,SUMMONING DEVICE,Gundren Rockseeker,SUMMONING DEVICE,Bowl of Commanding Water Elementals,BORDERLANDS,Thaldrak Battlehammer
12444160,54,Veldorn,27.68,LUXURY SPECIALTIES,ARMS & ARMOUR,T'avin T'soban,BRACERS,Braclet of Rock Magic,SABLE,Nundro Rockseeker
12790077,19,Great Dale,182.61,ADVENTURING,ARMS & ARMOUR,T'avin T'soban,SIMPLE MELEE WEAPON,Quarterstaff,U.N.N.,Ruralion Baeneduren
12900081,16,Dwarfholds,664.78,COMMISSIONS,ARMS & ARMOUR,T'avin T'soban,STAFF,Dragonstaff of Ahghairon,MYTHAL,Arentian Mythrandius
12904245,26,Lantan,49.54,ADVENTURING,POTIONS & SCROLLS,Bruno Notlot,POTIONS & ALCHEMY,Alchemist’s fire (flask),RED CURTAIN,Siras Invictus
13103633,27,Lapaliiya & Thindol,1223.78,LUXURY SPECIALTIES,ARMS & ARMOUR,T'avin T'soban,AMMUNITION,Arrows +3,SABLE,Nundro Rockseeker
13103633,18,Gracklstugh,33.31,LUXURY SPECIALTIES,ARMS & ARMOUR,T'avin T'soban,AMMUNITION,Arrows +3,SABLE,Nundro Rockseeker
13103633,23,Impiltur,717.36,LUXURY SPECIALTIES,ARMS & ARMOUR,T'avin T'soban,AMMUNITION,Arrows +3,SABLE,Nundro Rockseeker
13315364,49,Thay,705.93,ADVENTURING,ARMS & ARMOUR,T'avin T'soban,HEAVY ARMOUR,Splint mail,RED CURTAIN,Siras Invictus
13315364,2,Alaron,444.99,ADVENTURING,ARMS & ARMOUR,T'avin T'soban,HEAVY ARMOUR,Splint mail,RED CURTAIN,Siras Invictus
13315364,20,Gundarlund,29.45,ADVENTURING,ARMS & ARMOUR,T'avin T'soban,HEAVY ARMOUR,Splint mail,RED CURTAIN,Siras Invictus
13315364,3,Amn,1159.92,ADVENTURING,ARMS & ARMOUR,T'avin T'soban,HEAVY ARMOUR,Splint mail,RED CURTAIN,Siras Invictus
13315364,42,Ruathym,159.51,ADVENTURING,ARMS & ARMOUR,T'avin T'soban,HEAVY ARMOUR,Splint mail,RED CURTAIN,Siras Invictus
13315364,16,Dwarfholds,552.97,ADVENTURING,ARMS & ARMOUR,T'avin T'soban,HEAVY ARMOUR,Splint mail,RED CURTAIN,Siras Invictus
13554698,22,Icewind Dale,39.38,ADVENTURING,ADVENTURING EQUIPMENT,Bubbles,GAUNTLETS / GLOVES,Gloves of Missile Snaring,SABLE,Nundro Rockseeker
13554698,21,Halruaa,132.46,ADVENTURING,ADVENTURING EQUIPMENT,Bubbles,GAUNTLETS / GLOVES,Gloves of Missile Snaring,SABLE,Nundro Rockseeker
13554698,44,Shar,25.95,ADVENTURING,ADVENTURING EQUIPMENT,Bubbles,GAUNTLETS / GLOVES,Gloves of Missile Snaring,SABLE,Nundro Rockseeker
13894759,33,Mereu,35.26,LUXURY SPECIALTIES,ARMS & ARMOUR,T'avin T'soban,HEAVY ARMOUR,Last Stand Armour,ARCANTIC,Enthoril Murkywaters
13960481,31,Maztica,57.01,ADVENTURING,ANIMALS & TRANSPORTATION,Shade Tabaxii,MOUNT,Rowboat,U.N.N.,Ruralion Baeneduren
14639184,41,Purple Rock Isles,23.72,ADVENTURING,TOOLS & KITS,Kay Glimshine,CONTAINER,Burlap Sack (Set of 20),BORDERLANDS,Thaldrak Battlehammer
15339032,40,Norland,270.8,LUXURY SPECIALTIES,ARMS & ARMOUR,T'avin T'soban,ARMOUR OTHER,Medium Armour +2,SABLE,Nundro Rockseeker
15710906,22,Icewind Dale,44.07,ADVENTURING,ADVENTURING EQUIPMENT,Bubbles,BOOTS,Boots of Levitation,SABLE,Nundro Rockseeker
15839750,32,Menzoberranzan,31.65,LUXURY SPECIALTIES,ADVENTURING EQUIPMENT,Bubbles,CONTAINER,Alchemy Jug,ARCANTIC,Enthoril Murkywaters
15839750,38,Narfell,31.65,LUXURY SPECIALTIES,ADVENTURING EQUIPMENT,Bubbles,CONTAINER,Alchemy Jug,ARCANTIC,Enthoril Murkywaters
16094924,48,Tharsult,32.44,COMMISSIONS,SUMMONING DEVICE,Gundren Rockseeker,SUMMONING DEVICE,Black Crystal Tablet,MYTHAL,Arentian Mythrandius
16388666,55,Waterdeep,137.48,ADVENTURING,ADVENTURING EQUIPMENT,Bubbles,MAGIC UTILITY,Oil of Etherealness,RED CURTAIN,Siras Invictus
16388666,4,Arn Rock,23.4,ADVENTURING,ADVENTURING EQUIPMENT,Bubbles,MAGIC UTILITY,Oil of Etherealness,RED CURTAIN,Siras Invictus
16497992,53,Vaasa,600.56,COMMISSIONS,ARMS & ARMOUR,T'avin T'soban,MARTIAL MELEE WEAPON,Whelm,SABLE,Nundro Rockseeker
16792229,4,Arn Rock,26.04,ADVENTURING,MUSICAL INSTRUMENT,Balthazaar Viscari,WIND INSTRUMENT,Pipes of the Sewers,SABLE,Nundro Rockseeker
16971428,21,Halruaa,122.24,LUXURY SPECIALTIES,ADVENTURING EQUIPMENT,Bubbles,MAGIC UTILITY,Feather Token (Whip),U.N.N.,Ruralion Baeneduren
16971428,52,Unther,47.21,LUXURY SPECIALTIES,ADVENTURING EQUIPMENT,Bubbles,MAGIC UTILITY,Feather Token (Whip),U.N.N.,Ruralion Baeneduren
17103636,24,Kara-Tur,61.51,LUXURY SPECIALTIES,ADVENTURING EQUIPMENT,Bubbles,IOUN STONE,Ioun Stone - Vitality,SABLE,Nundro Rockseeker
17259726,40,Norland,470.83,LUXURY SPECIALTIES,ARMS & ARMOUR,T'avin T'soban,STAFF,Staff of Frost,RED CURTAIN,Siras Invictus
17286648,20,Gundarlund,27.13,COMMISSIONS,ADVENTURING EQUIPMENT,Bubbles,CLOAK,Cloak of Invisibility,MYTHAL,Arentian Mythrandius
17324378,54,Veldorn,23.66,ADVENTURING,ADVENTURING EQUIPMENT,Bubbles,MAGIC UTILITY,Candle of the Deep,ARCANTIC,Enthoril Murkywaters
17435769,8,Chessentea,769.73,ADVENTURING,ARMS & ARMOUR,T'avin T'soban,SHIELD,Shield,U.N.N.,Ruralion Baeneduren
17641361,45,Silverymoon,557.5,LUXURY SPECIALTIES,ARMS & ARMOUR,T'avin T'soban,MARTIAL RANGED WEAPON,Arcane Firearm,SABLE,Nundro Rockseeker
18062725,4,Arn Rock,24.62,ADVENTURING,POTIONS & SCROLLS,Bruno Notlot,SCROLL,Spell Scroll Level 1,RED CURTAIN,Siras Invictus
18062725,22,Icewind Dale,43.34,ADVENTURING,POTIONS & SCROLLS,Bruno Notlot,SCROLL,Spell Scroll Level 1,RED CURTAIN,Siras Invictus
18062725,36,Mulhorand,24.62,ADVENTURING,POTIONS & SCROLLS,Bruno Notlot,SCROLL,Spell Scroll Level 1,RED CURTAIN,Siras Invictus
18062725,48,Tharsult,33.49,ADVENTURING,POTIONS & SCROLLS,Bruno Notlot,SCROLL,Spell Scroll Level 1,RED CURTAIN,Siras Invictus
18380182,14,Dambrath,154.24,LUXURY SPECIALTIES,ARMS & ARMOUR,T'avin T'soban,SIMPLE MELEE WEAPON,Sword of the Paruns,U.N.N.,Ruralion Baeneduren
18603314,20,Gundarlund,25.4,LUXURY SPECIALTIES,SUMMONING DEVICE,Gundren Rockseeker,SUMMONING DEVICE,Marble Elephant of Wondrous Power,BORDERLANDS,Thaldrak Battlehammer
18603314,30,Mantol Dereith,14.89,LUXURY SPECIALTIES,SUMMONING DEVICE,Gundren Rockseeker,SUMMONING DEVICE,Marble Elephant of Wondrous Power,BORDERLANDS,Thaldrak Battlehammer
19361682,15,Durpar,851.14,ADVENTURING,ARMS & ARMOUR,T'avin T'soban,SIMPLE RANGED WEAPON,Dart (10),U.N.N.,Ruralion Baeneduren
19361682,8,Chessentea,874.92,ADVENTURING,ARMS & ARMOUR,T'avin T'soban,SIMPLE RANGED WEAPON,Dart (10),U.N.N.,Ruralion Baeneduren
19512135,50,Thesk,71.04,COMMISSIONS,ARMS & ARMOUR,T'avin T'soban,MARTIAL MELEE WEAPON,Ironfang,SABLE,Nundro Rockseeker
19512135,12,Cormyr,2532.78,COMMISSIONS,ARMS & ARMOUR,T'avin T'soban,MARTIAL MELEE WEAPON,Ironfang,SABLE,Nundro Rockseeker
19512135,19,Great Dale,1628.59,COMMISSIONS,ARMS & ARMOUR,T'avin T'soban,MARTIAL MELEE WEAPON,Ironfang,SABLE,Nundro Rockseeker
20081620,48,Tharsult,29.49,LUXURY SPECIALTIES,ADVENTURING EQUIPMENT,Bubbles,HELMET,Circlet of Human Perfection,SABLE,Nundro Rockseeker
20081620,31,Maztica,62.91,LUXURY SPECIALTIES,ADVENTURING EQUIPMENT,Bubbles,HELMET,Circlet of Human Perfection,SABLE,Nundro Rockseeker
21319590,53,Vaasa,801.59,ADVENTURING,ARMS & ARMOUR,T'avin T'soban,MARTIAL MELEE WEAPON,Hellsteel Martial Melee Weapon,U.N.N.,Ruralion Baeneduren
21319590,17,Estagund,423,ADVENTURING,ARMS & ARMOUR,T'avin T'soban,MARTIAL MELEE WEAPON,Hellsteel Martial Melee Weapon,U.N.N.,Ruralion Baeneduren
21908394,10,Chult,53.91,ADVENTURING,JEWELRY,Lanec Lot,RING,Ring of the Ram,ARCANTIC,Enthoril Murkywaters
21908394,20,Gundarlund,28.52,ADVENTURING,JEWELRY,Lanec Lot,RING,Ring of the Ram,ARCANTIC,Enthoril Murkywaters
22516017,49,Thay,814.92,COMMISSIONS,ARMS & ARMOUR,T'avin T'soban,HELMET,Black Dragon Mask,SABLE,Nundro Rockseeker
22516017,11,Cormanthar,155.06,COMMISSIONS,ARMS & ARMOUR,T'avin T'soban,HELMET,Black Dragon Mask,SABLE,Nundro Rockseeker
22516017,3,Amn,1258.95,COMMISSIONS,ARMS & ARMOUR,T'avin T'soban,HELMET,Black Dragon Mask,SABLE,Nundro Rockseeker
22516017,2,Alaron,477.5,COMMISSIONS,ARMS & ARMOUR,T'avin T'soban,HELMET,Black Dragon Mask,SABLE,Nundro Rockseeker
22640420,55,Waterdeep,146.17,ADVENTURING,ADVENTURING EQUIPMENT,Bubbles,SPELL FOCUS,Staff,RED CURTAIN,Siras Invictus
22839458,10,Chult,56.4,ADVENTURING,MUSICAL INSTRUMENT,Balthazaar Viscari,STRING INSTRUMENT,Lyre,BORDERLANDS,Thaldrak Battlehammer
22839458,36,Mulhorand,23.9,ADVENTURING,MUSICAL INSTRUMENT,Balthazaar Viscari,STRING INSTRUMENT,Lyre,BORDERLANDS,Thaldrak Battlehammer
22973547,13,Damara,246.88,LUXURY SPECIALTIES,ARMS & ARMOUR,T'avin T'soban,LIGHT ARMOUR,Hunters Coat,RED CURTAIN,Siras Invictus
23477217,25,Korinn Archipelego,86.68,LUXURY SPECIALTIES,ARMS & ARMOUR,T'avin T'soban,WAND,Wand of Paralysis,RED CURTAIN,Siras Invictus
23477217,28,Luiren,313.23,LUXURY SPECIALTIES,ARMS & ARMOUR,T'avin T'soban,WAND,Wand of Paralysis,RED CURTAIN,Siras Invictus
24673533,2,Alaron,543.24,ADVENTURING,ARMS & ARMOUR,T'avin T'soban,MARTIAL MELEE WEAPON,Battleaxe,BORDERLANDS,Thaldrak Battlehammer
24673533,49,Thay,953.17,ADVENTURING,ARMS & ARMOUR,T'avin T'soban,MARTIAL MELEE WEAPON,Battleaxe,BORDERLANDS,Thaldrak Battlehammer
24673533,3,Amn,1299.2,ADVENTURING,ARMS & ARMOUR,T'avin T'soban,MARTIAL MELEE WEAPON,Battleaxe,BORDERLANDS,Thaldrak Battlehammer
24750467,47,Tethyr,155.26,ADVENTURING,TOOLS & KITS,Kay Glimshine,TOOL KITS,Poisoner’s kit,RED CURTAIN,Siras Invictus
24775352,50,Thesk,69.16,LUXURY SPECIALTIES,ADVENTURING EQUIPMENT,Bubbles,ROD,Rod of Security,RED CURTAIN,Siras Invictus
24816698,57,Zakhara,35.3,ADVENTURING,ADVENTURING EQUIPMENT,Bubbles,CLOTHING,"Clothes, traveler’s ",U.N.N.,Ruralion Baeneduren
24857156,46,Snowdown,59.83,LUXURY SPECIALTIES,ARMS & ARMOUR,T'avin T'soban,ARMOUR OTHER,Armour of Radiant vulnerability,BORDERLANDS,Thaldrak Battlehammer
24879389,48,Tharsult,32.71,ADVENTURING,POTIONS & SCROLLS,Bruno Notlot,SCROLL,Spell Gem (Lapis Lazuli),U.N.N.,Ruralion Baeneduren
25704302,21,Halruaa,122.3,LUXURY SPECIALTIES,ADVENTURING EQUIPMENT,Bubbles,BELT / GIRDLE,Belt of Fire Giant Strength,U.N.N.,Ruralion Baeneduren
25704302,41,Purple Rock Isles,31.78,LUXURY SPECIALTIES,ADVENTURING EQUIPMENT,Bubbles,BELT / GIRDLE,Belt of Fire Giant Strength,U.N.N.,Ruralion Baeneduren
26032666,9,Chondath,1204.37,LUXURY SPECIALTIES,ARMS & ARMOUR,T'avin T'soban,ROD,Blast Scepter,BORDERLANDS,Thaldrak Battlehammer
26032666,12,Cormyr,655.5,LUXURY SPECIALTIES,ARMS & ARMOUR,T'avin T'soban,ROD,Blast Scepter,BORDERLANDS,Thaldrak Battlehammer
26032666,13,Damara,929.94,LUXURY SPECIALTIES,ARMS & ARMOUR,T'avin T'soban,ROD,Blast Scepter,BORDERLANDS,Thaldrak Battlehammer
26194157,26,Lantan,41.36,LUXURY SPECIALTIES,ARMS & ARMOUR,T'avin T'soban,WEAPON OTHER,Weapon +3,SABLE,Nundro Rockseeker
27009524,9,Chondath,1091.58,ADVENTURING,ARMS & ARMOUR,T'avin T'soban,MARTIAL MELEE WEAPON,Pike,RED CURTAIN,Siras Invictus
27009524,53,Vaasa,701.62,ADVENTURING,ARMS & ARMOUR,T'avin T'soban,MARTIAL MELEE WEAPON,Pike,RED CURTAIN,Siras Invictus
27009524,48,Tharsult,36.39,ADVENTURING,ARMS & ARMOUR,T'avin T'soban,MARTIAL MELEE WEAPON,Pike,RED CURTAIN,Siras Invictus
27009524,7,Calimshan,374.93,ADVENTURING,ARMS & ARMOUR,T'avin T'soban,MARTIAL MELEE WEAPON,Pike,RED CURTAIN,Siras Invictus
27009524,17,Estagund,490.42,ADVENTURING,ARMS & ARMOUR,T'avin T'soban,MARTIAL MELEE WEAPON,Pike,RED CURTAIN,Siras Invictus
27137603,24,Kara-Tur,58.91,ADVENTURING,TOOLS & KITS,Kay Glimshine,TOOLS,Sealing wax,U.N.N.,Ruralion Baeneduren
27436439,36,Mulhorand,23.14,LUXURY SPECIALTIES,ARMS & ARMOUR,T'avin T'soban,MARTIAL MELEE WEAPON,Scimitar of Speed,SABLE,Nundro Rockseeker
27707450,25,Korinn Archipelego,84.28,LUXURY SPECIALTIES,ARMS & ARMOUR,T'avin T'soban,ARMOUR OTHER,Armour of Necrotic Resistance,MYTHAL,Arentian Mythrandius
28051299,22,Icewind Dale,41.57,ADVENTURING,ANIMALS & TRANSPORTATION,Shade Tabaxii,MOUNT,Giant Riding Lizard,U.N.N.,Ruralion Baeneduren
28434240,56,Whalebone Isles,25.54,LUXURY SPECIALTIES,JEWELRY,Lanec Lot,AMULET / NECKLACE,Amulet of Protection from Turning,U.N.N.,Ruralion Baeneduren
28472727,13,Damara,365.77,LUXURY SPECIALTIES,ARMS & ARMOUR,T'avin T'soban,LIGHT ARMOUR,Hewards Hireling Armour,SABLE,Nundro Rockseeker
28821942,24,Kara-Tur,62.02,LUXURY SPECIALTIES,ARMS & ARMOUR,T'avin T'soban,ARMOUR OTHER,Armour of Cold Resistance,BORDERLANDS,Thaldrak Battlehammer
29095296,47,Tethyr,136.01,ADVENTURING,TOOLS & KITS,Kay Glimshine,TOOLS,Block and tackle,U.N.N.,Ruralion Baeneduren
29588712,54,Veldorn,27.17,LUXURY SPECIALTIES,POTIONS & SCROLLS,Bruno Notlot,POTIONS & ALCHEMY,Potion of Frost Giant Strength,ARCANTIC,Enthoril Murkywaters
29782053,6,Blingdenstone,220.37,ADVENTURING,ARMS & ARMOUR,T'avin T'soban,SIMPLE MELEE WEAPON,Spear,U.N.N.,Ruralion Baeneduren
29782053,14,Dambrath,313.79,ADVENTURING,ARMS & ARMOUR,T'avin T'soban,SIMPLE MELEE WEAPON,Spear,U.N.N.,Ruralion Baeneduren
30386418,51,Turmish,1143.31,ADVENTURING,ARMS & ARMOUR,T'avin T'soban,SIMPLE MELEE WEAPON,Veterans Cane,SABLE,Nundro Rockseeker
30852135,24,Kara-Tur,52.67,ADVENTURING,POTIONS & SCROLLS,Bruno Notlot,SCROLL,"Case, map or scroll ",U.N.N.,Ruralion Baeneduren
30992761,1,Aglarond,104.17,COMMISSIONS,ARMS & ARMOUR,T'avin T'soban,HEAVY ARMOUR,Obsidian Flint Dragon Plate,MYTHAL,Arentian Mythrandius
30992761,29,Luskan,79.55,COMMISSIONS,ARMS & ARMOUR,T'avin T'soban,HEAVY ARMOUR,Obsidian Flint Dragon Plate,MYTHAL,Arentian Mythrandius
31929380,52,Unther,42.96,ADVENTURING,ADVENTURING EQUIPMENT,Bubbles,CLOTHING,Toque,U.N.N.,Ruralion Baeneduren
32122870,13,Damara,255.06,ADVENTURING,ARMS & ARMOUR,T'avin T'soban,MARTIAL MELEE WEAPON,Halberd,U.N.N.,Ruralion Baeneduren
32291590,42,Ruathym,120.82,ADVENTURING,ARMS & ARMOUR,T'avin T'soban,SIMPLE MELEE WEAPON,Hellsteel Simple Melee Weapon,RED CURTAIN,Siras Invictus
32846993,23,Impiltur,699.84,ADVENTURING,ARMS & ARMOUR,T'avin T'soban,MARTIAL MELEE WEAPON,Shortsword,RED CURTAIN,Siras Invictus
32846993,56,Whalebone Isles,24.84,ADVENTURING,ARMS & ARMOUR,T'avin T'soban,MARTIAL MELEE WEAPON,Shortsword,RED CURTAIN,Siras Invictus
32846993,46,Snowdown,62.98,ADVENTURING,ARMS & ARMOUR,T'avin T'soban,MARTIAL MELEE WEAPON,Shortsword,RED CURTAIN,Siras Invictus
32846993,27,Lapaliiya & Thindol,1122.94,ADVENTURING,ARMS & ARMOUR,T'avin T'soban,MARTIAL MELEE WEAPON,Shortsword,RED CURTAIN,Siras Invictus
32884942,5,Baldur's Gate,482.08,LUXURY SPECIALTIES,ARMS & ARMOUR,T'avin T'soban,ARMOUR OTHER,Armour of Thunder Resistance,MYTHAL,Arentian Mythrandius
33238513,5,Baldur's Gate,378.18,LUXURY SPECIALTIES,ARMS & ARMOUR,T'avin T'soban,STAFF,Staff of Striking,RED CURTAIN,Siras Invictus
33238513,28,Luiren,290.07,LUXURY SPECIALTIES,ARMS & ARMOUR,T'avin T'soban,STAFF,Staff of Striking,RED CURTAIN,Siras Invictus
33238513,7,Calimshan,422.73,LUXURY SPECIALTIES,ARMS & ARMOUR,T'avin T'soban,STAFF,Staff of Striking,RED CURTAIN,Siras Invictus
33238513,17,Estagund,610.83,LUXURY SPECIALTIES,ARMS & ARMOUR,T'avin T'soban,STAFF,Staff of Striking,RED CURTAIN,Siras Invictus
33356781,31,Maztica,59.14,ADVENTURING,TOOLS & KITS,Kay Glimshine,TOOLS,Flask or tankard (Set of 24),BORDERLANDS,Thaldrak Battlehammer
33356781,55,Waterdeep,134.9,ADVENTURING,TOOLS & KITS,Kay Glimshine,TOOLS,Flask or tankard (Set of 24),BORDERLANDS,Thaldrak Battlehammer
34058101,37,Murghom,451.66,ADVENTURING,ARMS & ARMOUR,T'avin T'soban,MARTIAL MELEE WEAPON,Scimitar,BORDERLANDS,Thaldrak Battlehammer
34058101,35,Moray,302.94,ADVENTURING,ARMS & ARMOUR,T'avin T'soban,MARTIAL MELEE WEAPON,Scimitar,BORDERLANDS,Thaldrak Battlehammer
34058101,16,Dwarfholds,678.71,ADVENTURING,ARMS & ARMOUR,T'avin T'soban,MARTIAL MELEE WEAPON,Scimitar,BORDERLANDS,Thaldrak Battlehammer
34580092,41,Purple Rock Isles,21.03,ADVENTURING,TOOLS & KITS,Kay Glimshine,TOOL KITS,Herbalism kit,U.N.N.,Ruralion Baeneduren
34823250,6,Blingdenstone,326.81,ADVENTURING,ARMS & ARMOUR,T'avin T'soban,ARMOUR OTHER,Armour of Vulnerability,MYTHAL,Arentian Mythrandius
34823250,43,Sembia,819.51,ADVENTURING,ARMS & ARMOUR,T'avin T'soban,ARMOUR OTHER,Armour of Vulnerability,MYTHAL,Arentian Mythrandius
34823250,14,Dambrath,506.23,ADVENTURING,ARMS & ARMOUR,T'avin T'soban,ARMOUR OTHER,Armour of Vulnerability,MYTHAL,Arentian Mythrandius
34895661,41,Purple Rock Isles,22.14,LUXURY SPECIALTIES,ARMS & ARMOUR,T'avin T'soban,SHIELD,Shield of the Uven Rune,SABLE,Nundro Rockseeker
34895661,11,Cormanthar,150.3,LUXURY SPECIALTIES,ARMS & ARMOUR,T'avin T'soban,SHIELD,Shield of the Uven Rune,SABLE,Nundro Rockseeker
35126463,18,Gracklstugh,29.7,LUXURY SPECIALTIES,ADVENTURING EQUIPMENT,Bubbles,CLOAK,Robe of Stars,RED CURTAIN,Siras Invictus
35712262,35,Moray,174.81,LUXURY SPECIALTIES,ARMS & ARMOUR,T'avin T'soban,LIGHT ARMOUR,Light Armour +3,SABLE,Nundro Rockseeker
36560793,19,Great Dale,250.71,COMMISSIONS,ARMS & ARMOUR,T'avin T'soban,MARTIAL MELEE WEAPON,Ironfang,RED CURTAIN,Siras Invictus
36711109,8,Chessentea,719.9,ADVENTURING,ARMS & ARMOUR,T'avin T'soban,MARTIAL MELEE WEAPON,Morningstar,RED CURTAIN,Siras Invictus
36711109,15,Durpar,900.1,ADVENTURING,ARMS & ARMOUR,T'avin T'soban,MARTIAL MELEE WEAPON,Morningstar,RED CURTAIN,Siras Invictus
36711109,28,Luiren,266.34,ADVENTURING,ARMS & ARMOUR,T'avin T'soban,MARTIAL MELEE WEAPON,Morningstar,RED CURTAIN,Siras Invictus
36711109,45,Silverymoon,1062.71,ADVENTURING,ARMS & ARMOUR,T'avin T'soban,MARTIAL MELEE WEAPON,Morningstar,RED CURTAIN,Siras Invictus
36711109,39,Neverwinter,326.11,ADVENTURING,ARMS & ARMOUR,T'avin T'soban,MARTIAL MELEE WEAPON,Morningstar,RED CURTAIN,Siras Invictus
36814940,18,Gracklstugh,34.4,ADVENTURING,POTIONS & SCROLLS,Bruno Notlot,SCROLL,Scroll of Protection (Beasts),ARCANTIC,Enthoril Murkywaters
37741575,40,Norland,398.22,COMMISSIONS,ARMS & ARMOUR,T'avin T'soban,MARTIAL MELEE WEAPON,Sword of Answering,BORDERLANDS,Thaldrak Battlehammer
38294329,18,Gracklstugh,30.69,COMMISSIONS,ADVENTURING EQUIPMENT,Bubbles,IOUN STONE,Ioun Stone - Mastery,MYTHAL,Arentian Mythrandius
38294329,31,Maztica,66.03,COMMISSIONS,ADVENTURING EQUIPMENT,Bubbles,IOUN STONE,Ioun Stone - Mastery,MYTHAL,Arentian Mythrandius
38324967,41,Purple Rock Isles,20.9,ADVENTURING,ADVENTURING EQUIPMENT,Bubbles,CONTAINER,Bag of Holding,RED CURTAIN,Siras Invictus
38324967,10,Chult,50.35,ADVENTURING,ADVENTURING EQUIPMENT,Bubbles,CONTAINER,Bag of Holding,RED CURTAIN,Siras Invictus
38337199,45,Silverymoon,594.56,COMMISSIONS,ARMS & ARMOUR,T'avin T'soban,SIMPLE MELEE WEAPON,Bookmark,ARCANTIC,Enthoril Murkywaters
38370611,2,Alaron,557.36,LUXURY SPECIALTIES,ARMS & ARMOUR,T'avin T'soban,STAFF,Staff of Fire,BORDERLANDS,Thaldrak Battlehammer
38370611,53,Vaasa,933.85,LUXURY SPECIALTIES,ARMS & ARMOUR,T'avin T'soban,STAFF,Staff of Fire,BORDERLANDS,Thaldrak Battlehammer
38370611,8,Chessentea,912.22,LUXURY SPECIALTIES,ARMS & ARMOUR,T'avin T'soban,STAFF,Staff of Fire,BORDERLANDS,Thaldrak Battlehammer
38370611,3,Amn,1276.92,LUXURY SPECIALTIES,ARMS & ARMOUR,T'avin T'soban,STAFF,Staff of Fire,BORDERLANDS,Thaldrak Battlehammer
38370611,49,Thay,990.86,LUXURY SPECIALTIES,ARMS & ARMOUR,T'avin T'soban,STAFF,Staff of Fire,BORDERLANDS,Thaldrak Battlehammer
38370611,15,Durpar,892.56,LUXURY SPECIALTIES,ARMS & ARMOUR,T'avin T'soban,STAFF,Staff of Fire,BORDERLANDS,Thaldrak Battlehammer
38525952,51,Turmish,2344.49,ADVENTURING,ARMS & ARMOUR,T'avin T'soban,HEAVY ARMOUR,Adamantine Armour,RED CURTAIN,Siras Invictus
38525952,45,Silverymoon,535.91,ADVENTURING,ARMS & ARMOUR,T'avin T'soban,HEAVY ARMOUR,Adamantine Armour,RED CURTAIN,Siras Invictus
38525952,16,Dwarfholds,722.37,ADVENTURING,ARMS & ARMOUR,T'avin T'soban,HEAVY ARMOUR,Adamantine Armour,RED CURTAIN,Siras Invictus
38653167,21,Halruaa,125,ADVENTURING,ARMS & ARMOUR,T'avin T'soban,MARTIAL RANGED WEAPON,Hellsteel Martial Ranged Weapon,RED CURTAIN,Siras Invictus
38653167,11,Cormanthar,172.35,ADVENTURING,ARMS & ARMOUR,T'avin T'soban,MARTIAL RANGED WEAPON,Hellsteel Martial Ranged Weapon,RED CURTAIN,Siras Invictus
38923580,38,Narfell,40.59,COMMISSIONS,ADVENTURING EQUIPMENT,Bubbles,MAGIC UTILITY,Nightfall Pearl,ARCANTIC,Enthoril Murkywaters
39673365,25,Korinn Archipelego,84.58,ADVENTURING,ADVENTURING EQUIPMENT,Bubbles,ROD,Rod of the Pact Keeper +1,BORDERLANDS,Thaldrak Battlehammer
39769434,46,Snowdown,53.24,ADVENTURING,MUSICAL INSTRUMENT,Balthazaar Viscari,BRASS INSTRUMENT,Instrument of Scribing,SABLE,Nundro Rockseeker
39769434,38,Narfell,29.38,ADVENTURING,MUSICAL INSTRUMENT,Balthazaar Viscari,BRASS INSTRUMENT,Instrument of Scribing,SABLE,Nundro Rockseeker
40210867,38,Narfell,32.44,COMMISSIONS,ARMS & ARMOUR,T'avin T'soban,STAFF,Staff of Thunder and Lightning,ARCANTIC,Enthoril Murkywaters
40219284,9,Chondath,477,ADVENTURING,ARMS & ARMOUR,T'avin T'soban,MARTIAL RANGED WEAPON,Net,BORDERLANDS,Thaldrak Battlehammer
40219284,35,Moray,551.89,ADVENTURING,ARMS & ARMOUR,T'avin T'soban,MARTIAL RANGED WEAPON,Net,BORDERLANDS,Thaldrak Battlehammer
40345627,23,Impiltur,690.55,ADVENTURING,ARMS & ARMOUR,T'avin T'soban,AMMUNITION,Sling bullets (100),U.N.N.,Ruralion Baeneduren
40345627,27,Lapaliiya & Thindol,949.72,ADVENTURING,ARMS & ARMOUR,T'avin T'soban,AMMUNITION,Sling bullets (100),U.N.N.,Ruralion Baeneduren
40345627,52,Unther,45.54,ADVENTURING,ARMS & ARMOUR,T'avin T'soban,AMMUNITION,Sling bullets (100),U.N.N.,Ruralion Baeneduren
40406520,57,Zakhara,49.08,LUXURY SPECIALTIES,ARMS & ARMOUR,T'avin T'soban,WAND,Wand of the War Mage +2,MYTHAL,Arentian Mythrandius
40406520,33,Mereu,43.52,LUXURY SPECIALTIES,ARMS & ARMOUR,T'avin T'soban,WAND,Wand of the War Mage +2,MYTHAL,Arentian Mythrandius
41936666,28,Luiren,326.37,LUXURY SPECIALTIES,ARMS & ARMOUR,T'avin T'soban,MARTIAL RANGED WEAPON,Oathbow,BORDERLANDS,Thaldrak Battlehammer
41936666,24,Kara-Tur,86.77,LUXURY SPECIALTIES,ARMS & ARMOUR,T'avin T'soban,MARTIAL RANGED WEAPON,Oathbow,BORDERLANDS,Thaldrak Battlehammer
42137416,12,Cormyr,1864.86,ADVENTURING,ARMS & ARMOUR,T'avin T'soban,SIMPLE MELEE WEAPON,Quarterstaff,RED CURTAIN,Siras Invictus
42137416,19,Great Dale,1299.38,ADVENTURING,ARMS & ARMOUR,T'avin T'soban,SIMPLE MELEE WEAPON,Quarterstaff,RED CURTAIN,Siras Invictus
42619709,37,Murghom,698.75,LUXURY SPECIALTIES,ARMS & ARMOUR,T'avin T'soban,HEAVY ARMOUR,Demon Armour,SABLE,Nundro Rockseeker
42619709,35,Moray,290.86,LUXURY SPECIALTIES,ARMS & ARMOUR,T'avin T'soban,HEAVY ARMOUR,Demon Armour,SABLE,Nundro Rockseeker
42685862,23,Impiltur,679.56,ADVENTURING,ARMS & ARMOUR,T'avin T'soban,MARTIAL MELEE WEAPON,Greatsword,U.N.N.,Ruralion Baeneduren
42685862,27,Lapaliiya & Thindol,1102.18,ADVENTURING,ARMS & ARMOUR,T'avin T'soban,MARTIAL MELEE WEAPON,Greatsword,U.N.N.,Ruralion Baeneduren
42685862,2,Alaron,472.24,ADVENTURING,ARMS & ARMOUR,T'avin T'soban,MARTIAL MELEE WEAPON,Greatsword,U.N.N.,Ruralion Baeneduren
42685862,3,Amn,1321.91,ADVENTURING,ARMS & ARMOUR,T'avin T'soban,MARTIAL MELEE WEAPON,Greatsword,U.N.N.,Ruralion Baeneduren
42685862,49,Thay,878.03,ADVENTURING,ARMS & ARMOUR,T'avin T'soban,MARTIAL MELEE WEAPON,Greatsword,U.N.N.,Ruralion Baeneduren
43242975,40,Norland,395.78,ADVENTURING,ARMS & ARMOUR,T'avin T'soban,MEDIUM ARMOUR,Breastplate,RED CURTAIN,Siras Invictus
43361969,56,Whalebone Isles,37.93,ADVENTURING,ARMS & ARMOUR,T'avin T'soban,MEDIUM ARMOUR,Chain shirt,U.N.N.,Ruralion Baeneduren
43361969,5,Baldur's Gate,631.2,ADVENTURING,ARMS & ARMOUR,T'avin T'soban,MEDIUM ARMOUR,Chain shirt,U.N.N.,Ruralion Baeneduren
43361969,52,Unther,59.6,ADVENTURING,ARMS & ARMOUR,T'avin T'soban,MEDIUM ARMOUR,Chain shirt,U.N.N.,Ruralion Baeneduren
43429579,55,Waterdeep,131.35,ADVENTURING,MUSICAL INSTRUMENT,Balthazaar Viscari,STRING INSTRUMENT,Guitar,RED CURTAIN,Siras Invictus
43429579,48,Tharsult,31.14,ADVENTURING,MUSICAL INSTRUMENT,Balthazaar Viscari,STRING INSTRUMENT,Guitar,RED CURTAIN,Siras Invictus
43445549,9,Chondath,695.18,ADVENTURING,ARMS & ARMOUR,T'avin T'soban,MARTIAL MELEE WEAPON,Giant Slayer,BORDERLANDS,Thaldrak Battlehammer
43615467,30,Mantol Dereith,14.8,COMMISSIONS,ADVENTURING EQUIPMENT,Bubbles,IOUN STONE,Ioun Stone - Regeneration,SABLE,Nundro Rockseeker
43831799,9,Chondath,864.76,ADVENTURING,ARMS & ARMOUR,T'avin T'soban,SIMPLE RANGED WEAPON,Seeker Dart,SABLE,Nundro Rockseeker
44163084,10,Chult,53.87,ADVENTURING,TOOLS & KITS,Kay Glimshine,TOOLS,Caltrops (bag of 20),U.N.N.,Ruralion Baeneduren
44177545,34,Mintarn,27.64,LUXURY SPECIALTIES,TOOLS & KITS,Kay Glimshine,CONTAINER,Cauldron of Rebirth,SABLE,Nundro Rockseeker
44698818,1,Aglarond,102.82,ADVENTURING,ANIMALS & TRANSPORTATION,Shade Tabaxii,LIVESTOCK,Pig,RED CURTAIN,Siras Invictus
44698818,34,Mintarn,25.22,ADVENTURING,ANIMALS & TRANSPORTATION,Shade Tabaxii,LIVESTOCK,Pig,RED CURTAIN,Siras Invictus
44810708,53,Vaasa,561.82,COMMISSIONS,ARMS & ARMOUR,T'avin T'soban,MARTIAL MELEE WEAPON,Whelm,SABLE,Nundro Rockseeker
44925640,25,Korinn Archipelego,101.69,COMMISSIONS,ADVENTURING EQUIPMENT,Bubbles,MAGIC UTILITY,Candle of Invocation,SABLE,Nundro Rockseeker
44988710,42,Ruathym,127.2,LUXURY SPECIALTIES,ARMS & ARMOUR,T'avin T'soban,SIMPLE RANGED WEAPON,Boomerang +2,BORDERLANDS,Thaldrak Battlehammer
45125301,13,Damara,738.09,ADVENTURING,ARMS & ARMOUR,T'avin T'soban,SIMPLE MELEE WEAPON,Javelin (10),U.N.N.,Ruralion Baeneduren
45885021,25,Korinn Archipelego,94.76,ADVENTURING,ADVENTURING EQUIPMENT,Bubbles,CONTAINER,Bag of Holding,BORDERLANDS,Thaldrak Battlehammer
45977283,30,Mantol Dereith,12.44,ADVENTURING,ARMS & ARMOUR,T'avin T'soban,MEDIUM ARMOUR,Half plate,RED CURTAIN,Siras Invictus
45977283,43,Sembia,880.4,ADVENTURING,ARMS & ARMOUR,T'avin T'soban,MEDIUM ARMOUR,Half plate,RED CURTAIN,Siras Invictus
45977283,6,Blingdenstone,417.82,ADVENTURING,ARMS & ARMOUR,T'avin T'soban,MEDIUM ARMOUR,Half plate,RED CURTAIN,Siras Invictus
45977283,14,Dambrath,648.28,ADVENTURING,ARMS & ARMOUR,T'avin T'soban,MEDIUM ARMOUR,Half plate,RED CURTAIN,Siras Invictus
46001495,8,Chessentea,904.3,ADVENTURING,ARMS & ARMOUR,T'avin T'soban,AMMUNITION,Crossbow bolts (100),RED CURTAIN,Siras Invictus
46001495,15,Durpar,883.16,ADVENTURING,ARMS & ARMOUR,T'avin T'soban,AMMUNITION,Crossbow bolts (100),RED CURTAIN,Siras Invictus
46494018,25,Korinn Archipelego,112.52,LUXURY SPECIALTIES,ADVENTURING EQUIPMENT,Bubbles,BELT / GIRDLE,Belt of Dwarvenkind,RED CURTAIN,Siras Invictus
46834939,19,Great Dale,40.85,LUXURY SPECIALTIES,JEWELRY,Lanec Lot,AMULET / NECKLACE,Amulet of Protection from Turning,U.N.N.,Ruralion Baeneduren
46834939,34,Mintarn,24.86,LUXURY SPECIALTIES,JEWELRY,Lanec Lot,AMULET / NECKLACE,Amulet of Protection from Turning,U.N.N.,Ruralion Baeneduren
47037097,33,Mereu,28.76,ADVENTURING,ADVENTURING EQUIPMENT,Bubbles,SPELL FOCUS,Imbued Wood Focus,MYTHAL,Arentian Mythrandius
47525864,54,Veldorn,22.01,ADVENTURING,MUSICAL INSTRUMENT,Balthazaar Viscari,STRING INSTRUMENT,Viol,U.N.N.,Ruralion Baeneduren
48427508,13,Damara,504.91,LUXURY SPECIALTIES,ARMS & ARMOUR,T'avin T'soban,ROD,Blast Scepter,RED CURTAIN,Siras Invictus
48427508,9,Chondath,674.94,LUXURY SPECIALTIES,ARMS & ARMOUR,T'avin T'soban,ROD,Blast Scepter,RED CURTAIN,Siras Invictus
48510382,44,Shar,28.83,LUXURY SPECIALTIES,SUMMONING DEVICE,Gundren Rockseeker,SUMMONING DEVICE,Bowl of Commanding Water Elementals,RED CURTAIN,Siras Invictus
48510382,4,Arn Rock,25.23,LUXURY SPECIALTIES,SUMMONING DEVICE,Gundren Rockseeker,SUMMONING DEVICE,Bowl of Commanding Water Elementals,RED CURTAIN,Siras Invictus
48510382,30,Mantol Dereith,14.42,LUXURY SPECIALTIES,SUMMONING DEVICE,Gundren Rockseeker,SUMMONING DEVICE,Bowl of Commanding Water Elementals,RED CURTAIN,Siras Invictus
48666330,11,Cormanthar,146.55,LUXURY SPECIALTIES,ARMS & ARMOUR,T'avin T'soban,SIMPLE MELEE WEAPON,Flame Tongue,BORDERLANDS,Thaldrak Battlehammer
48666330,33,Mereu,41.14,LUXURY SPECIALTIES,ARMS & ARMOUR,T'avin T'soban,SIMPLE MELEE WEAPON,Flame Tongue,BORDERLANDS,Thaldrak Battlehammer
48825475,22,Icewind Dale,52.5,LUXURY SPECIALTIES,ANIMALS & TRANSPORTATION,Shade Tabaxii,MOUNT,Drake,RED CURTAIN,Siras Invictus
48825475,34,Mintarn,24.5,LUXURY SPECIALTIES,ANIMALS & TRANSPORTATION,Shade Tabaxii,MOUNT,Drake,RED CURTAIN,Siras Invictus
48914825,32,Menzoberranzan,27.79,COMMISSIONS,ARMS & ARMOUR,T'avin T'soban,SIMPLE MELEE WEAPON,Rakdos Riteknife,U.N.N.,Ruralion Baeneduren
48955385,42,Ruathym,121.86,ADVENTURING,ARMS & ARMOUR,T'avin T'soban,HEAVY ARMOUR,Splint mail,BORDERLANDS,Thaldrak Battlehammer
49675238,38,Narfell,35.3,COMMISSIONS,ADVENTURING EQUIPMENT,Bubbles,HELMET,Lost Crown of Besilmer,SABLE,Nundro Rockseeker
49762574,41,Purple Rock Isles,30.97,LUXURY SPECIALTIES,ARMS & ARMOUR,T'avin T'soban,ARMOUR OTHER,Armour of Thunder vulnerability,ARCANTIC,Enthoril Murkywaters
49825577,25,Korinn Archipelego,82.45,LUXURY SPECIALTIES,MUSICAL INSTRUMENT,Balthazaar Viscari,STRING INSTRUMENT,Cli lyre,SABLE,Nundro Rockseeker
50024270,39,Neverwinter,242.87,LUXURY SPECIALTIES,ARMS & ARMOUR,T'avin T'soban,WAND,Wand of Viscid Globs,ARCANTIC,Enthoril Murkywaters
50024270,16,Dwarfholds,948.88,LUXURY SPECIALTIES,ARMS & ARMOUR,T'avin T'soban,WAND,Wand of Viscid Globs,ARCANTIC,Enthoril Murkywaters
50059836,47,Tethyr,142,ADVENTURING,ARMS & ARMOUR,T'avin T'soban,STAFF,Skyblinder Staff,SABLE,Nundro Rockseeker
50205089,17,Estagund,432.91,LUXURY SPECIALTIES,ARMS & ARMOUR,T'avin T'soban,HEAVY ARMOUR,Plate Armour of Etherealness,RED CURTAIN,Siras Invictus
50660480,36,Mulhorand,29.46,LUXURY SPECIALTIES,ADVENTURING EQUIPMENT,Bubbles,MAGIC UTILITY,Charm of Plant Command,SABLE,Nundro Rockseeker
50893002,1,Aglarond,277.26,LUXURY SPECIALTIES,ARMS & ARMOUR,T'avin T'soban,STAFF,Staff of the Claw,RED CURTAIN,Siras Invictus
50994677,41,Purple Rock Isles,22.72,ADVENTURING,ADVENTURING EQUIPMENT,Bubbles,MAGIC UTILITY,Paper Bird,ARCANTIC,Enthoril Murkywaters
51695936,1,Aglarond,94.81,ADVENTURING,ADVENTURING EQUIPMENT,Bubbles,MAGIC UTILITY,Feather Token (Feather Fall),MYTHAL,Arentian Mythrandius
51824083,18,Gracklstugh,30.35,LUXURY SPECIALTIES,ANIMALS & TRANSPORTATION,Shade Tabaxii,MOUNT,War Steeder,U.N.N.,Ruralion Baeneduren
52353550,47,Tethyr,139.31,ADVENTURING,TOOLS & KITS,Kay Glimshine,TOOL KITS,Calligraphers supplies,RED CURTAIN,Siras Invictus
52353550,44,Shar,26.68,ADVENTURING,TOOLS & KITS,Kay Glimshine,TOOL KITS,Calligraphers supplies,RED CURTAIN,Siras Invictus
52838473,32,Menzoberranzan,26.1,ADVENTURING,TOOLS & KITS,Kay Glimshine,TOOL KITS,Smith’s tools,BORDERLANDS,Thaldrak Battlehammer
53236127,1,Aglarond,97.23,LUXURY SPECIALTIES,ARMS & ARMOUR,T'avin T'soban,STAFF,Staff of Striking,ARCANTIC,Enthoril Murkywaters
53236127,17,Estagund,526.28,LUXURY SPECIALTIES,ARMS & ARMOUR,T'avin T'soban,STAFF,Staff of Striking,ARCANTIC,Enthoril Murkywaters
53236127,7,Calimshan,406.75,LUXURY SPECIALTIES,ARMS & ARMOUR,T'avin T'soban,STAFF,Staff of Striking,ARCANTIC,Enthoril Murkywaters
53236127,28,Luiren,279.2,LUXURY SPECIALTIES,ARMS & ARMOUR,T'avin T'soban,STAFF,Staff of Striking,ARCANTIC,Enthoril Murkywaters
53402042,51,Turmish,2752.52,LUXURY SPECIALTIES,ARMS & ARMOUR,T'avin T'soban,HEAVY ARMOUR,Living Heavy Armour,MYTHAL,Arentian Mythrandius
53402042,28,Luiren,298.61,LUXURY SPECIALTIES,ARMS & ARMOUR,T'avin T'soban,HEAVY ARMOUR,Living Heavy Armour,MYTHAL,Arentian Mythrandius
53520779,9,Chondath,753.19,ADVENTURING,ARMS & ARMOUR,T'avin T'soban,MARTIAL MELEE WEAPON,Pike,U.N.N.,Ruralion Baeneduren
54031852,31,Maztica,71.83,ADVENTURING,ADVENTURING EQUIPMENT,Bubbles,MAGIC UTILITY,Insignia of Claws,BORDERLANDS,Thaldrak Battlehammer
54170928,48,Tharsult,28.38,ADVENTURING,ANIMALS & TRANSPORTATION,Shade Tabaxii,LIVESTOCK,Ox,U.N.N.,Ruralion Baeneduren
54901712,11,Cormanthar,119.54,LUXURY SPECIALTIES,ARMS & ARMOUR,T'avin T'soban,SIMPLE MELEE WEAPON,Flame Tongue,MYTHAL,Arentian Mythrandius
54924219,32,Menzoberranzan,26.95,ADVENTURING,MUSICAL INSTRUMENT,Balthazaar Viscari,STRING INSTRUMENT,Viol,RED CURTAIN,Siras Invictus
55028676,46,Snowdown,61.22,LUXURY SPECIALTIES,JEWELRY,Lanec Lot,RING,Ring of Mind Shielding,ARCANTIC,Enthoril Murkywaters
55299161,6,Blingdenstone,85.2,LUXURY SPECIALTIES,ARMS & ARMOUR,T'avin T'soban,SIMPLE MELEE WEAPON,Sun Blade,SABLE,Nundro Rockseeker
55477016,37,Murghom,286.98,COMMISSIONS,ARMS & ARMOUR,T'avin T'soban,SHIELD,Shield of the Hidden Lord,SABLE,Nundro Rockseeker
55477016,8,Chessentea,879.8,COMMISSIONS,ARMS & ARMOUR,T'avin T'soban,SHIELD,Shield of the Hidden Lord,SABLE,Nundro Rockseeker
55477016,25,Korinn Archipelego,82.42,COMMISSIONS,ARMS & ARMOUR,T'avin T'soban,SHIELD,Shield of the Hidden Lord,SABLE,Nundro Rockseeker
55477016,15,Durpar,839.08,COMMISSIONS,ARMS & ARMOUR,T'avin T'soban,SHIELD,Shield of the Hidden Lord,SABLE,Nundro Rockseeker
55495876,50,Thesk,81.69,ADVENTURING,JEWELRY,Lanec Lot,RING,Ring of Free Action,MYTHAL,Arentian Mythrandius
55597449,53,Vaasa,680.97,ADVENTURING,ARMS & ARMOUR,T'avin T'soban,WEAPON OTHER,Weapon +1,RED CURTAIN,Siras Invictus
55597449,10,Chult,73.54,ADVENTURING,ARMS & ARMOUR,T'avin T'soban,WEAPON OTHER,Weapon +1,RED CURTAIN,Siras Invictus
55597449,23,Impiltur,642.67,ADVENTURING,ARMS & ARMOUR,T'avin T'soban,WEAPON OTHER,Weapon +1,RED CURTAIN,Siras Invictus
55597449,27,Lapaliiya & Thindol,1069.34,ADVENTURING,ARMS & ARMOUR,T'avin T'soban,WEAPON OTHER,Weapon +1,RED CURTAIN,Siras Invictus
56119664,29,Luskan,85.57,ADVENTURING,ARMS & ARMOUR,T'avin T'soban,WAND,Wand of Magic Missiles,SABLE,Nundro Rockseeker
56119664,24,Kara-Tur,93.53,ADVENTURING,ARMS & ARMOUR,T'avin T'soban,WAND,Wand of Magic Missiles,SABLE,Nundro Rockseeker
56500384,51,Turmish,116.86,ADVENTURING,POTIONS & SCROLLS,Bruno Notlot,POTIONS & ALCHEMY,Potion of Fire Breath,SABLE,Nundro Rockseeker
56572294,33,Mereu,28.93,LUXURY SPECIALTIES,ADVENTURING EQUIPMENT,Bubbles,MAGIC UTILITY,Bag of Beans,BORDERLANDS,Thaldrak Battlehammer
56815038,26,Lantan,50.79,ADVENTURING,ADVENTURING EQUIPMENT,Bubbles,BOOTS,Boots of Elvenkind,MYTHAL,Arentian Mythrandius
57121344,50,Thesk,78.85,ADVENTURING,MUSICAL INSTRUMENT,Balthazaar Viscari,STRING INSTRUMENT,Canaith mandolin,U.N.N.,Ruralion Baeneduren
57163758,52,Unther,52.97,LUXURY SPECIALTIES,ARMS & ARMOUR,T'avin T'soban,ARMOUR OTHER,Armour of Cold vulnerability,ARCANTIC,Enthoril Murkywaters
58119397,29,Luskan,68.59,ADVENTURING,JEWELRY,Lanec Lot,RING,Ring of Animal Influence,SABLE,Nundro Rockseeker
58384520,47,Tethyr,150.29,LUXURY SPECIALTIES,TOOLS & KITS,Kay Glimshine,TOOLS,Very Rare Crafting Components,MYTHAL,Arentian Mythrandius
58396427,18,Gracklstugh,29.52,LUXURY SPECIALTIES,JEWELRY,Lanec Lot,AMULET / NECKLACE,Necklace of Fireballs,RED CURTAIN,Siras Invictus
58550170,31,Maztica,66.58,LUXURY SPECIALTIES,ADVENTURING EQUIPMENT,Bubbles,IOUN STONE,Ioun Stone - Gunner,ARCANTIC,Enthoril Murkywaters
58654260,20,Gundarlund,27.97,ADVENTURING,ADVENTURING EQUIPMENT,Bubbles,HELMET,Hat of Vermin,MYTHAL,Arentian Mythrandius
58768110,17,Estagund,544.33,ADVENTURING,ARMS & ARMOUR,T'avin T'soban,LIGHT ARMOUR,Padded armour,RED CURTAIN,Siras Invictus
58768110,7,Calimshan,391.52,ADVENTURING,ARMS & ARMOUR,T'avin T'soban,LIGHT ARMOUR,Padded armour,RED CURTAIN,Siras Invictus
59954767,34,Mintarn,26.64,ADVENTURING,ANIMALS & TRANSPORTATION,Shade Tabaxii,MOUNT,Sled,BORDERLANDS,Thaldrak Battlehammer
59954767,55,Waterdeep,139.42,ADVENTURING,ANIMALS & TRANSPORTATION,Shade Tabaxii,MOUNT,Sled,BORDERLANDS,Thaldrak Battlehammer
60203975,42,Ruathym,89.24,ADVENTURING,ARMS & ARMOUR,T'avin T'soban,MARTIAL MELEE WEAPON,Maul,U.N.N.,Ruralion Baeneduren
60203975,39,Neverwinter,224.56,ADVENTURING,ARMS & ARMOUR,T'avin T'soban,MARTIAL MELEE WEAPON,Maul,U.N.N.,Ruralion Baeneduren
60634899,55,Waterdeep,135.89,ADVENTURING,TOOLS & KITS,Kay Glimshine,TOOL KITS,Cartographer’s tools,U.N.N.,Ruralion Baeneduren
60634899,56,Whalebone Isles,26.55,ADVENTURING,TOOLS & KITS,Kay Glimshine,TOOL KITS,Cartographer’s tools,U.N.N.,Ruralion Baeneduren
60652281,27,Lapaliiya & Thindol,850.51,ADVENTURING,ARMS & ARMOUR,T'avin T'soban,SIMPLE RANGED WEAPON,Sling,U.N.N.,Ruralion Baeneduren
60652281,23,Impiltur,644.41,ADVENTURING,ARMS & ARMOUR,T'avin T'soban,SIMPLE RANGED WEAPON,Sling,U.N.N.,Ruralion Baeneduren
60706444,26,Lantan,45.73,LUXURY SPECIALTIES,ARMS & ARMOUR,T'avin T'soban,ARMOUR OTHER,Armour of Cold Resistance,SABLE,Nundro Rockseeker
60817963,34,Mintarn,24.52,LUXURY SPECIALTIES,ARMS & ARMOUR,T'avin T'soban,ARMOUR OTHER,Armour of Lightning vulnerability,SABLE,Nundro Rockseeker
60817963,57,Zakhara,35.32,LUXURY SPECIALTIES,ARMS & ARMOUR,T'avin T'soban,ARMOUR OTHER,Armour of Lightning vulnerability,SABLE,Nundro Rockseeker
60817963,31,Maztica,56.9,LUXURY SPECIALTIES,ARMS & ARMOUR,T'avin T'soban,ARMOUR OTHER,Armour of Lightning vulnerability,SABLE,Nundro Rockseeker
60817963,41,Purple Rock Isles,24.52,LUXURY SPECIALTIES,ARMS & ARMOUR,T'avin T'soban,ARMOUR OTHER,Armour of Lightning vulnerability,SABLE,Nundro Rockseeker
61200121,37,Murghom,225.85,ADVENTURING,ARMS & ARMOUR,T'avin T'soban,MARTIAL MELEE WEAPON,Scimitar,RED CURTAIN,Siras Invictus
61611731,38,Narfell,33.56,ADVENTURING,TOOLS & KITS,Kay Glimshine,TOOLS,"Mirror, steel ",U.N.N.,Ruralion Baeneduren
61611731,29,Luskan,87.84,ADVENTURING,TOOLS & KITS,Kay Glimshine,TOOLS,"Mirror, steel ",U.N.N.,Ruralion Baeneduren
61716286,26,Lantan,41.5,LUXURY SPECIALTIES,SUMMONING DEVICE,Gundren Rockseeker,SUMMONING DEVICE,Bronze Horn of Valhalla,SABLE,Nundro Rockseeker
62387478,56,Whalebone Isles,34.94,ADVENTURING,ADVENTURING EQUIPMENT,Bubbles,CLOTHING,Robes,BORDERLANDS,Thaldrak Battlehammer
62738371,40,Norland,384.09,ADVENTURING,ARMS & ARMOUR,T'avin T'soban,MEDIUM ARMOUR,Breastplate,U.N.N.,Ruralion Baeneduren
62788827,11,Cormanthar,114.59,COMMISSIONS,ARMS & ARMOUR,T'avin T'soban,HELMET,Black Dragon Mask,MYTHAL,Arentian Mythrandius
62788827,2,Alaron,407.74,COMMISSIONS,ARMS & ARMOUR,T'avin T'soban,HELMET,Black Dragon Mask,MYTHAL,Arentian Mythrandius
63136397,57,Zakhara,53.41,ADVENTURING,TOOLS & KITS,Kay Glimshine,TOOL KITS,Weaver’s tools,BORDERLANDS,Thaldrak Battlehammer
63183019,21,Halruaa,116.68,ADVENTURING,ADVENTURING EQUIPMENT,Bubbles,SPELL FOCUS,Orb,BORDERLANDS,Thaldrak Battlehammer
63183019,36,Mulhorand,26.35,ADVENTURING,ADVENTURING EQUIPMENT,Bubbles,SPELL FOCUS,Orb,BORDERLANDS,Thaldrak Battlehammer
63405689,54,Veldorn,23.64,ADVENTURING,POTIONS & SCROLLS,Bruno Notlot,POTIONS & ALCHEMY,Pipe of Smoke Monsters,SABLE,Nundro Rockseeker
63405689,52,Unther,66.02,ADVENTURING,POTIONS & SCROLLS,Bruno Notlot,POTIONS & ALCHEMY,Pipe of Smoke Monsters,SABLE,Nundro Rockseeker
63639694,29,Luskan,89.35,ADVENTURING,ANIMALS & TRANSPORTATION,Shade Tabaxii,MOUNT,Riding Horse,BORDERLANDS,Thaldrak Battlehammer
63644428,28,Luiren,168.34,ADVENTURING,ARMS & ARMOUR,T'avin T'soban,MARTIAL MELEE WEAPON,Morningstar,BORDERLANDS,Thaldrak Battlehammer
63692862,32,Menzoberranzan,26.16,ADVENTURING,JEWELRY,Lanec Lot,RING,Band of Loyalty,SABLE,Nundro Rockseeker
63785484,26,Lantan,45.47,ADVENTURING,ADVENTURING EQUIPMENT,Bubbles,SPELL FOCUS,Crystal,U.N.N.,Ruralion Baeneduren
64882316,2,Alaron,617.92,ADVENTURING,ARMS & ARMOUR,T'avin T'soban,LIGHT ARMOUR,Studded leather armour,U.N.N.,Ruralion Baeneduren
64882316,3,Amn,1317.79,ADVENTURING,ARMS & ARMOUR,T'avin T'soban,LIGHT ARMOUR,Studded leather armour,U.N.N.,Ruralion Baeneduren
64882316,49,Thay,876.28,ADVENTURING,ARMS & ARMOUR,T'avin T'soban,LIGHT ARMOUR,Studded leather armour,U.N.N.,Ruralion Baeneduren
64882316,39,Neverwinter,316.19,ADVENTURING,ARMS & ARMOUR,T'avin T'soban,LIGHT ARMOUR,Studded leather armour,U.N.N.,Ruralion Baeneduren
65135836,28,Luiren,165.76,COMMISSIONS,ARMS & ARMOUR,T'avin T'soban,MARTIAL MELEE WEAPON,Wave,U.N.N.,Ruralion Baeneduren
65238164,16,Dwarfholds,594.54,LUXURY SPECIALTIES,ARMS & ARMOUR,T'avin T'soban,SIMPLE RANGED WEAPON,Dwarven Thrower,SABLE,Nundro Rockseeker
65558127,46,Snowdown,49.99,LUXURY SPECIALTIES,JEWELRY,Lanec Lot,RING,Ring of Shooting Stars,SABLE,Nundro Rockseeker
66086816,32,Menzoberranzan,34.16,LUXURY SPECIALTIES,ARMS & ARMOUR,T'avin T'soban,MEDIUM ARMOUR,Living Medium Armour,SABLE,Nundro Rockseeker
66244208,29,Luskan,79.6,LUXURY SPECIALTIES,ARMS & ARMOUR,T'avin T'soban,MARTIAL MELEE WEAPON,Nine Lives Stealer,SABLE,Nundro Rockseeker
66797511,53,Vaasa,587.25,ADVENTURING,ARMS & ARMOUR,T'avin T'soban,WEAPON OTHER,Weapon +1,SABLE,Nundro Rockseeker
66865783,26,Lantan,45.21,ADVENTURING,ARMS & ARMOUR,T'avin T'soban,MARTIAL MELEE WEAPON,Whip,U.N.N.,Ruralion Baeneduren
67119338,14,Dambrath,243.91,ADVENTURING,ARMS & ARMOUR,T'avin T'soban,SIMPLE MELEE WEAPON,Spear,RED CURTAIN,Siras Invictus
67119338,6,Blingdenstone,155.5,ADVENTURING,ARMS & ARMOUR,T'avin T'soban,SIMPLE MELEE WEAPON,Spear,RED CURTAIN,Siras Invictus
67331698,7,Calimshan,353.43,COMMISSIONS,ARMS & ARMOUR,T'avin T'soban,MARTIAL MELEE WEAPON,Wave,U.N.N.,Ruralion Baeneduren
67331698,28,Luiren,319.46,COMMISSIONS,ARMS & ARMOUR,T'avin T'soban,MARTIAL MELEE WEAPON,Wave,U.N.N.,Ruralion Baeneduren
67331698,21,Halruaa,143.21,COMMISSIONS,ARMS & ARMOUR,T'avin T'soban,MARTIAL MELEE WEAPON,Wave,U.N.N.,Ruralion Baeneduren
67331698,20,Gundarlund,27.54,COMMISSIONS,ARMS & ARMOUR,T'avin T'soban,MARTIAL MELEE WEAPON,Wave,U.N.N.,Ruralion Baeneduren
67694582,10,Chult,59.25,ADVENTURING,ARMS & ARMOUR,T'avin T'soban,MARTIAL MELEE WEAPON,Trident of Fish Command,ARCANTIC,Enthoril Murkywaters
67753540,26,Lantan,41.58,LUXURY SPECIALTIES,ARMS & ARMOUR,T'avin T'soban,STAFF,Staff of Swarming Insects,SABLE,Nundro Rockseeker
68068750,43,Sembia,929.44,LUXURY SPECIALTIES,ARMS & ARMOUR,T'avin T'soban,ARMOUR OTHER,Armour of Thunder Resistance,BORDERLANDS,Thaldrak Battlehammer
68068750,5,Baldur's Gate,579.92,LUXURY SPECIALTIES,ARMS & ARMOUR,T'avin T'soban,ARMOUR OTHER,Armour of Thunder Resistance,BORDERLANDS,Thaldrak Battlehammer
68086404,44,Shar,24.45,ADVENTURING,TOOLS & KITS,Kay Glimshine,TOOL KITS,Forgery kit,RED CURTAIN,Siras Invictus
68684522,10,Chult,60.46,ADVENTURING,ARMS & ARMOUR,T'avin T'soban,MARTIAL MELEE WEAPON,Blood Spear,SABLE,Nundro Rockseeker
68890708,29,Luskan,70.55,ADVENTURING,ADVENTURING EQUIPMENT,Bubbles,CLOTHING,Winter Jacket,U.N.N.,Ruralion Baeneduren
69072026,30,Mantol Dereith,13.52,ADVENTURING,ANIMALS & TRANSPORTATION,Shade Tabaxii,LIVESTOCK,Ox,BORDERLANDS,Thaldrak Battlehammer
69144170,47,Tethyr,133.95,LUXURY SPECIALTIES,ARMS & ARMOUR,T'avin T'soban,WAND,Wand of Lightning Bolts,SABLE,Nundro Rockseeker
69144170,44,Shar,24.7,LUXURY SPECIALTIES,ARMS & ARMOUR,T'avin T'soban,WAND,Wand of Lightning Bolts,SABLE,Nundro Rockseeker
69209140,5,Baldur's Gate,585.37,ADVENTURING,ARMS & ARMOUR,T'avin T'soban,AMMUNITION,Unbreakable Arrow,SABLE,Nundro Rockseeker
69209140,50,Thesk,75,ADVENTURING,ARMS & ARMOUR,T'avin T'soban,AMMUNITION,Unbreakable Arrow,SABLE,Nundro Rockseeker
69209140,43,Sembia,1005.17,ADVENTURING,ARMS & ARMOUR,T'avin T'soban,AMMUNITION,Unbreakable Arrow,SABLE,Nundro Rockseeker
69232149,52,Unther,42.64,ADVENTURING,ADVENTURING EQUIPMENT,Bubbles,GAMING SET,Charlatans Die,SABLE,Nundro Rockseeker
69729450,53,Vaasa,657.49,LUXURY SPECIALTIES,ARMS & ARMOUR,T'avin T'soban,SIMPLE MELEE WEAPON,Dragontooth Dagger,U.N.N.,Ruralion Baeneduren
69780777,1,Aglarond,401.17,ADVENTURING,ARMS & ARMOUR,T'avin T'soban,MARTIAL MELEE WEAPON,Lance,RED CURTAIN,Siras Invictus
69780777,23,Impiltur,622.47,ADVENTURING,ARMS & ARMOUR,T'avin T'soban,MARTIAL MELEE WEAPON,Lance,RED CURTAIN,Siras Invictus
69780777,27,Lapaliiya & Thindol,905.56,ADVENTURING,ARMS & ARMOUR,T'avin T'soban,MARTIAL MELEE WEAPON,Lance,RED CURTAIN,Siras Invictus
69969490,51,Turmish,1070.58,COMMISSIONS,ARMS & ARMOUR,T'avin T'soban,SIMPLE MELEE WEAPON,Azuredge,ARCANTIC,Enthoril Murkywaters
70725313,30,Mantol Dereith,14.67,ADVENTURING,JEWELRY,Lanec Lot,RING,Ring of Feather Falling,RED CURTAIN,Siras Invictus
71160978,32,Menzoberranzan,25.38,LUXURY SPECIALTIES,POTIONS & SCROLLS,Bruno Notlot,POTIONS & ALCHEMY,Elixir of Health,MYTHAL,Arentian Mythrandius
71381325,24,Kara-Tur,60.58,ADVENTURING,ARMS & ARMOUR,T'avin T'soban,MARTIAL RANGED WEAPON,Composite Longbow,RED CURTAIN,Siras Invictus
71427059,50,Thesk,70.76,ADVENTURING,ARMS & ARMOUR,T'avin T'soban,HELMET,Propellor Helm,SABLE,Nundro Rockseeker
71431902,27,Lapaliiya & Thindol,838.01,LUXURY SPECIALTIES,ARMS & ARMOUR,T'avin T'soban,AMMUNITION,Arrows +3,BORDERLANDS,Thaldrak Battlehammer
71431902,23,Impiltur,551.21,LUXURY SPECIALTIES,ARMS & ARMOUR,T'avin T'soban,AMMUNITION,Arrows +3,BORDERLANDS,Thaldrak Battlehammer
71431902,46,Snowdown,53.56,LUXURY SPECIALTIES,ARMS & ARMOUR,T'avin T'soban,AMMUNITION,Arrows +3,BORDERLANDS,Thaldrak Battlehammer
71506294,5,Baldur's Gate,529.15,ADVENTURING,ARMS & ARMOUR,T'avin T'soban,SIMPLE MELEE WEAPON,Staff of Adornment,SABLE,Nundro Rockseeker
71506294,43,Sembia,765.74,ADVENTURING,ARMS & ARMOUR,T'avin T'soban,SIMPLE MELEE WEAPON,Staff of Adornment,SABLE,Nundro Rockseeker
72216659,18,Gracklstugh,31.32,COMMISSIONS,POTIONS & SCROLLS,Bruno Notlot,POTIONS & ALCHEMY,Potion of Giant Size,ARCANTIC,Enthoril Murkywaters
72384785,1,Aglarond,459.91,ADVENTURING,ARMS & ARMOUR,T'avin T'soban,MARTIAL MELEE WEAPON,Lance,U.N.N.,Ruralion Baeneduren
72384785,23,Impiltur,739.93,ADVENTURING,ARMS & ARMOUR,T'avin T'soban,MARTIAL MELEE WEAPON,Lance,U.N.N.,Ruralion Baeneduren
72384785,27,Lapaliiya & Thindol,1087.5,ADVENTURING,ARMS & ARMOUR,T'avin T'soban,MARTIAL MELEE WEAPON,Lance,U.N.N.,Ruralion Baeneduren
72405285,34,Mintarn,24.85,ADVENTURING,ADVENTURING EQUIPMENT,Bubbles,CONTAINER,Hewards Handy Spice Pouch,BORDERLANDS,Thaldrak Battlehammer
72708489,8,Chessentea,871.2,ADVENTURING,ARMS & ARMOUR,T'avin T'soban,SIMPLE MELEE WEAPON,Dagger,BORDERLANDS,Thaldrak Battlehammer
72865682,48,Tharsult,29.79,ADVENTURING,ANIMALS & TRANSPORTATION,Shade Tabaxii,MOUNT,Camel,U.N.N.,Ruralion Baeneduren
72891469,8,Chessentea,810.78,ADVENTURING,ARMS & ARMOUR,T'avin T'soban,SIMPLE MELEE WEAPON,Quarterstaff,BORDERLANDS,Thaldrak Battlehammer
72891469,15,Durpar,748.21,ADVENTURING,ARMS & ARMOUR,T'avin T'soban,SIMPLE MELEE WEAPON,Quarterstaff,BORDERLANDS,Thaldrak Battlehammer
72891469,19,Great Dale,1678.04,ADVENTURING,ARMS & ARMOUR,T'avin T'soban,SIMPLE MELEE WEAPON,Quarterstaff,BORDERLANDS,Thaldrak Battlehammer
72891469,12,Cormyr,2379.32,ADVENTURING,ARMS & ARMOUR,T'avin T'soban,SIMPLE MELEE WEAPON,Quarterstaff,BORDERLANDS,Thaldrak Battlehammer
73082012,41,Purple Rock Isles,26.45,COMMISSIONS,ADVENTURING EQUIPMENT,Bubbles,MAGIC UTILITY,Candle of Invocation,SABLE,Nundro Rockseeker
73296759,38,Narfell,39.2,ADVENTURING,ADVENTURING EQUIPMENT,Bubbles,GOGGLES,Finders Goggles,SABLE,Nundro Rockseeker
73794644,57,Zakhara,39.03,ADVENTURING,TOOLS & KITS,Kay Glimshine,TOOLS,Quiver,BORDERLANDS,Thaldrak Battlehammer
73794644,54,Veldorn,31.93,ADVENTURING,TOOLS & KITS,Kay Glimshine,TOOLS,Quiver,BORDERLANDS,Thaldrak Battlehammer
73822714,37,Murghom,246.73,ADVENTURING,ARMS & ARMOUR,T'avin T'soban,MARTIAL RANGED WEAPON,"Crossbow, heavy ",U.N.N.,Ruralion Baeneduren
73822714,15,Durpar,770.43,ADVENTURING,ARMS & ARMOUR,T'avin T'soban,MARTIAL RANGED WEAPON,"Crossbow, heavy ",U.N.N.,Ruralion Baeneduren
73822714,8,Chessentea,729.58,ADVENTURING,ARMS & ARMOUR,T'avin T'soban,MARTIAL RANGED WEAPON,"Crossbow, heavy ",U.N.N.,Ruralion Baeneduren
73842647,17,Estagund,475.84,LUXURY SPECIALTIES,ARMS & ARMOUR,T'avin T'soban,SIMPLE MELEE WEAPON,Frost Brand,MYTHAL,Arentian Mythrandius
73842647,7,Calimshan,382.47,LUXURY SPECIALTIES,ARMS & ARMOUR,T'avin T'soban,SIMPLE MELEE WEAPON,Frost Brand,MYTHAL,Arentian Mythrandius
73903707,5,Baldur's Gate,558.45,ADVENTURING,ARMS & ARMOUR,T'avin T'soban,MARTIAL MELEE WEAPON,Trident,RED CURTAIN,Siras Invictus
73903707,43,Sembia,788.78,ADVENTURING,ARMS & ARMOUR,T'avin T'soban,MARTIAL MELEE WEAPON,Trident,RED CURTAIN,Siras Invictus
73903707,12,Cormyr,931.37,ADVENTURING,ARMS & ARMOUR,T'avin T'soban,MARTIAL MELEE WEAPON,Trident,RED CURTAIN,Siras Invictus
73939024,31,Maztica,59.01,ADVENTURING,ARMS & ARMOUR,T'avin T'soban,MARTIAL MELEE WEAPON,Warhammer,BORDERLANDS,Thaldrak Battlehammer
73939024,45,Silverymoon,627.88,ADVENTURING,ARMS & ARMOUR,T'avin T'soban,MARTIAL MELEE WEAPON,Warhammer,BORDERLANDS,Thaldrak Battlehammer
73939024,29,Luskan,81.14,ADVENTURING,ARMS & ARMOUR,T'avin T'soban,MARTIAL MELEE WEAPON,Warhammer,BORDERLANDS,Thaldrak Battlehammer
74572243,51,Turmish,1224.95,ADVENTURING,ARMS & ARMOUR,T'avin T'soban,HEAVY ARMOUR,Adamantine Armour,MYTHAL,Arentian Mythrandius
75759790,40,Norland,445.97,LUXURY SPECIALTIES,ARMS & ARMOUR,T'avin T'soban,AMMUNITION,Crossbow Bolts +3,U.N.N.,Ruralion Baeneduren
75817996,36,Mulhorand,23.87,ADVENTURING,ADVENTURING EQUIPMENT,Bubbles,CLOTHING,Cloak of Many Fashions,SABLE,Nundro Rockseeker
75938872,39,Neverwinter,289.92,ADVENTURING,ARMS & ARMOUR,T'avin T'soban,SIMPLE MELEE WEAPON,Dagger of Venom,ARCANTIC,Enthoril Murkywaters
75938872,12,Cormyr,615.16,ADVENTURING,ARMS & ARMOUR,T'avin T'soban,SIMPLE MELEE WEAPON,Dagger of Venom,ARCANTIC,Enthoril Murkywaters
76367776,33,Mereu,30.67,ADVENTURING,ADVENTURING EQUIPMENT,Bubbles,MAGIC UTILITY,Balance of Harmony,RED CURTAIN,Siras Invictus
76514319,51,Turmish,126.15,ADVENTURING,TOOLS & KITS,Kay Glimshine,TOOLS,Abacus,BORDERLANDS,Thaldrak Battlehammer
76613036,4,Arn Rock,30.69,LUXURY SPECIALTIES,POTIONS & SCROLLS,Bruno Notlot,SCROLL,Manual of Bodily Health,SABLE,Nundro Rockseeker
76613036,1,Aglarond,92.07,LUXURY SPECIALTIES,POTIONS & SCROLLS,Bruno Notlot,SCROLL,Manual of Bodily Health,SABLE,Nundro Rockseeker
77244174,56,Whalebone Isles,40.59,ADVENTURING,ADVENTURING EQUIPMENT,Bubbles,SPELL FOCUS,Totem (Druidic focus),U.N.N.,Ruralion Baeneduren
77460706,10,Chult,50.95,ADVENTURING,ADVENTURING EQUIPMENT,Bubbles,HELMET,Helm of Telepathy,BORDERLANDS,Thaldrak Battlehammer
78051481,37,Murghom,330.15,ADVENTURING,ARMS & ARMOUR,T'avin T'soban,MARTIAL MELEE WEAPON,Scimitar,U.N.N.,Ruralion Baeneduren
78051481,35,Moray,192.98,ADVENTURING,ARMS & ARMOUR,T'avin T'soban,MARTIAL MELEE WEAPON,Scimitar,U.N.N.,Ruralion Baeneduren
78168760,44,Shar,25.58,ADVENTURING,ADVENTURING EQUIPMENT,Bubbles,MAGIC UTILITY,Thermal Cube,ARCANTIC,Enthoril Murkywaters
78168760,47,Tethyr,183.61,ADVENTURING,ADVENTURING EQUIPMENT,Bubbles,MAGIC UTILITY,Thermal Cube,ARCANTIC,Enthoril Murkywaters
78168760,55,Waterdeep,147.4,ADVENTURING,ADVENTURING EQUIPMENT,Bubbles,MAGIC UTILITY,Thermal Cube,ARCANTIC,Enthoril Murkywaters
78229174,26,Lantan,44.56,ADVENTURING,POTIONS & SCROLLS,Bruno Notlot,POTIONS & ALCHEMY,Potion of Superior Healing,SABLE,Nundro Rockseeker
78489998,25,Korinn Archipelego,99.22,ADVENTURING,ARMS & ARMOUR,T'avin T'soban,MARTIAL MELEE WEAPON,Revenant Double-Bladed Scimitar,SABLE,Nundro Rockseeker
78579929,45,Silverymoon,578.66,LUXURY SPECIALTIES,ARMS & ARMOUR,T'avin T'soban,SIMPLE MELEE WEAPON,Serpents Fang,U.N.N.,Ruralion Baeneduren
78579929,34,Mintarn,24.22,LUXURY SPECIALTIES,ARMS & ARMOUR,T'avin T'soban,SIMPLE MELEE WEAPON,Serpents Fang,U.N.N.,Ruralion Baeneduren
78858134,33,Mereu,34.47,ADVENTURING,ADVENTURING EQUIPMENT,Bubbles,BELT / GIRDLE,Belt of Hill Giant Strength,BORDERLANDS,Thaldrak Battlehammer
78984987,1,Aglarond,174.67,LUXURY SPECIALTIES,ARMS & ARMOUR,T'avin T'soban,STAFF,Staff of the Woodlands,U.N.N.,Ruralion Baeneduren
79038652,21,Halruaa,124.88,ADVENTURING,TOOLS & KITS,Kay Glimshine,TOOL KITS,Thieves’ tools,U.N.N.,Ruralion Baeneduren
79038652,34,Mintarn,27.97,ADVENTURING,TOOLS & KITS,Kay Glimshine,TOOL KITS,Thieves’ tools,U.N.N.,Ruralion Baeneduren
79197980,44,Shar,36.21,ADVENTURING,ANIMALS & TRANSPORTATION,Shade Tabaxii,MOUNT,Exotic Saddle,U.N.N.,Ruralion Baeneduren
79610314,19,Great Dale,678.8,COMMISSIONS,ARMS & ARMOUR,T'avin T'soban,HELMET,Green Dragon Mask,U.N.N.,Ruralion Baeneduren
79610314,12,Cormyr,1119.93,COMMISSIONS,ARMS & ARMOUR,T'avin T'soban,HELMET,Green Dragon Mask,U.N.N.,Ruralion Baeneduren
80150956,40,Norland,343.74,LUXURY SPECIALTIES,ARMS & ARMOUR,T'avin T'soban,SHIELD,Shield of Missile Attraction,RED CURTAIN,Siras Invictus
80150956,51,Turmish,2193.18,LUXURY SPECIALTIES,ARMS & ARMOUR,T'avin T'soban,SHIELD,Shield of Missile Attraction,RED CURTAIN,Siras Invictus
80659889,14,Dambrath,243.02,LUXURY SPECIALTIES,ARMS & ARMOUR,T'avin T'soban,SIMPLE MELEE WEAPON,Sun Blade,MYTHAL,Arentian Mythrandius
80659889,6,Blingdenstone,136.12,LUXURY SPECIALTIES,ARMS & ARMOUR,T'avin T'soban,SIMPLE MELEE WEAPON,Sun Blade,MYTHAL,Arentian Mythrandius
80663260,16,Dwarfholds,576.3,LUXURY SPECIALTIES,ARMS & ARMOUR,T'avin T'soban,WAND,Wand of the War Mage +3,SABLE,Nundro Rockseeker
80664925,4,Arn Rock,23.61,COMMISSIONS,ADVENTURING EQUIPMENT,Bubbles,GAUNTLETS / GLOVES,Gloves of Soul Catching,RED CURTAIN,Siras Invictus
80834235,35,Moray,329.18,LUXURY SPECIALTIES,ARMS & ARMOUR,T'avin T'soban,LIGHT ARMOUR,Light Armour +3,RED CURTAIN,Siras Invictus
80834235,40,Norland,223.45,LUXURY SPECIALTIES,ARMS & ARMOUR,T'avin T'soban,LIGHT ARMOUR,Light Armour +3,RED CURTAIN,Siras Invictus
80945990,29,Luskan,68.82,LUXURY SPECIALTIES,POTIONS & SCROLLS,Bruno Notlot,SCROLL,Spell Gem (Star Ruby),MYTHAL,Arentian Mythrandius
81291802,30,Mantol Dereith,16.56,ADVENTURING,POTIONS & SCROLLS,Bruno Notlot,SCROLL,Scroll of Protection (Undead),SABLE,Nundro Rockseeker
81291802,32,Menzoberranzan,32.2,ADVENTURING,POTIONS & SCROLLS,Bruno Notlot,SCROLL,Scroll of Protection (Undead),SABLE,Nundro Rockseeker
81483962,13,Damara,238.39,ADVENTURING,ARMS & ARMOUR,T'avin T'soban,HEAVY ARMOUR,Ring mail,BORDERLANDS,Thaldrak Battlehammer
81483962,22,Icewind Dale,48.25,ADVENTURING,ARMS & ARMOUR,T'avin T'soban,HEAVY ARMOUR,Ring mail,BORDERLANDS,Thaldrak Battlehammer
81483962,54,Veldorn,26.49,ADVENTURING,ARMS & ARMOUR,T'avin T'soban,HEAVY ARMOUR,Ring mail,BORDERLANDS,Thaldrak Battlehammer
81775660,32,Menzoberranzan,38.01,LUXURY SPECIALTIES,ADVENTURING EQUIPMENT,Bubbles,MAGIC UTILITY,Charm of Plant Command,ARCANTIC,Enthoril Murkywaters
81775660,33,Mereu,29.66,LUXURY SPECIALTIES,ADVENTURING EQUIPMENT,Bubbles,MAGIC UTILITY,Charm of Plant Command,ARCANTIC,Enthoril Murkywaters
81775660,47,Tethyr,136.27,LUXURY SPECIALTIES,ADVENTURING EQUIPMENT,Bubbles,MAGIC UTILITY,Charm of Plant Command,ARCANTIC,Enthoril Murkywaters
81775660,30,Mantol Dereith,12.98,LUXURY SPECIALTIES,ADVENTURING EQUIPMENT,Bubbles,MAGIC UTILITY,Charm of Plant Command,ARCANTIC,Enthoril Murkywaters
81931770,16,Dwarfholds,785.18,COMMISSIONS,ARMS & ARMOUR,T'avin T'soban,STAFF,Dragonstaff of Ahghairon,SABLE,Nundro Rockseeker
82087713,29,Luskan,68.47,ADVENTURING,ADVENTURING EQUIPMENT,Bubbles,SPELL FOCUS,Fernian Ash Focus,BORDERLANDS,Thaldrak Battlehammer
82087713,57,Zakhara,40.33,ADVENTURING,ADVENTURING EQUIPMENT,Bubbles,SPELL FOCUS,Fernian Ash Focus,BORDERLANDS,Thaldrak Battlehammer
82399225,30,Mantol Dereith,15.22,LUXURY SPECIALTIES,SUMMONING DEVICE,Gundren Rockseeker,SUMMONING DEVICE,Marble Elephant of Wondrous Power,ARCANTIC,Enthoril Murkywaters
82474042,48,Tharsult,29.45,ADVENTURING,ARMS & ARMOUR,T'avin T'soban,SIMPLE MELEE WEAPON,Veterans Cane,SABLE,Nundro Rockseeker
82474042,24,Kara-Tur,52.35,ADVENTURING,ARMS & ARMOUR,T'avin T'soban,SIMPLE MELEE WEAPON,Veterans Cane,SABLE,Nundro Rockseeker
82474042,51,Turmish,2492.45,ADVENTURING,ARMS & ARMOUR,T'avin T'soban,SIMPLE MELEE WEAPON,Veterans Cane,SABLE,Nundro Rockseeker
82499611,57,Zakhara,41.28,ADVENTURING,POTIONS & SCROLLS,Bruno Notlot,POTIONS & ALCHEMY,Oil (flask),BORDERLANDS,Thaldrak Battlehammer
82499611,33,Mereu,34.56,ADVENTURING,POTIONS & SCROLLS,Bruno Notlot,POTIONS & ALCHEMY,Oil (flask),BORDERLANDS,Thaldrak Battlehammer
82499611,56,Whalebone Isles,26.88,ADVENTURING,POTIONS & SCROLLS,Bruno Notlot,POTIONS & ALCHEMY,Oil (flask),BORDERLANDS,Thaldrak Battlehammer
82499611,4,Arn Rock,23.04,ADVENTURING,POTIONS & SCROLLS,Bruno Notlot,POTIONS & ALCHEMY,Oil (flask),BORDERLANDS,Thaldrak Battlehammer
82521396,24,Kara-Tur,55.59,COMMISSIONS,ARMS & ARMOUR,T'avin T'soban,MARTIAL MELEE WEAPON,Hammer of Thunderbolts,U.N.N.,Ruralion Baeneduren
82858564,11,Cormanthar,124.03,ADVENTURING,ARMS & ARMOUR,T'avin T'soban,MARTIAL RANGED WEAPON,Hellsteel Martial Ranged Weapon,U.N.N.,Ruralion Baeneduren
83013762,35,Moray,421.56,ADVENTURING,ARMS & ARMOUR,T'avin T'soban,MARTIAL RANGED WEAPON,Net,U.N.N.,Ruralion Baeneduren
83053327,55,Waterdeep,159.64,ADVENTURING,TOOLS & KITS,Kay Glimshine,TOOLS,Healer’s kit,RED CURTAIN,Siras Invictus
83078053,17,Estagund,475.83,ADVENTURING,ARMS & ARMOUR,T'avin T'soban,GAUNTLETS / GLOVES,Living Gloves,SABLE,Nundro Rockseeker
83078053,7,Calimshan,446.91,ADVENTURING,ARMS & ARMOUR,T'avin T'soban,GAUNTLETS / GLOVES,Living Gloves,SABLE,Nundro Rockseeker
83078053,56,Whalebone Isles,25.19,ADVENTURING,ARMS & ARMOUR,T'avin T'soban,GAUNTLETS / GLOVES,Living Gloves,SABLE,Nundro Rockseeker
83078053,46,Snowdown,56.91,ADVENTURING,ARMS & ARMOUR,T'avin T'soban,GAUNTLETS / GLOVES,Living Gloves,SABLE,Nundro Rockseeker
83078053,36,Mulhorand,24.26,ADVENTURING,ARMS & ARMOUR,T'avin T'soban,GAUNTLETS / GLOVES,Living Gloves,SABLE,Nundro Rockseeker
83078053,45,Silverymoon,750.13,ADVENTURING,ARMS & ARMOUR,T'avin T'soban,GAUNTLETS / GLOVES,Living Gloves,SABLE,Nundro Rockseeker
83549481,19,Great Dale,39.1,ADVENTURING,POTIONS & SCROLLS,Bruno Notlot,POTIONS & ALCHEMY,Vial (Crate),U.N.N.,Ruralion Baeneduren
83563708,37,Murghom,192.78,ADVENTURING,ARMS & ARMOUR,T'avin T'soban,AMMUNITION,Arrows (100),BORDERLANDS,Thaldrak Battlehammer
83563708,35,Moray,129.44,ADVENTURING,ARMS & ARMOUR,T'avin T'soban,AMMUNITION,Arrows (100),BORDERLANDS,Thaldrak Battlehammer
83588545,4,Arn Rock,35.69,LUXURY SPECIALTIES,ADVENTURING EQUIPMENT,Bubbles,SPELL FOCUS,Air Elemental Essence Shard,MYTHAL,Arentian Mythrandius
84312805,18,Gracklstugh,29.31,ADVENTURING,ADVENTURING EQUIPMENT,Bubbles,GAUNTLETS / GLOVES,Gauntlets of Ogre Power,BORDERLANDS,Thaldrak Battlehammer
84417942,9,Chondath,492.64,ADVENTURING,ARMS & ARMOUR,T'avin T'soban,SIMPLE RANGED WEAPON,Seeker Dart,MYTHAL,Arentian Mythrandius
85077468,47,Tethyr,143.04,ADVENTURING,ANIMALS & TRANSPORTATION,Shade Tabaxii,MOUNT,Riding Horse,U.N.N.,Ruralion Baeneduren
85387460,3,Amn,1124.29,ADVENTURING,ARMS & ARMOUR,T'avin T'soban,MARTIAL MELEE WEAPON,Battleaxe,U.N.N.,Ruralion Baeneduren
85387460,49,Thay,984.98,ADVENTURING,ARMS & ARMOUR,T'avin T'soban,MARTIAL MELEE WEAPON,Battleaxe,U.N.N.,Ruralion Baeneduren
85387460,2,Alaron,504.54,ADVENTURING,ARMS & ARMOUR,T'avin T'soban,MARTIAL MELEE WEAPON,Battleaxe,U.N.N.,Ruralion Baeneduren
85387460,20,Gundarlund,25,ADVENTURING,ARMS & ARMOUR,T'avin T'soban,MARTIAL MELEE WEAPON,Battleaxe,U.N.N.,Ruralion Baeneduren
85483636,37,Murghom,230.88,LUXURY SPECIALTIES,ARMS & ARMOUR,T'avin T'soban,HEAVY ARMOUR,Heavy Armour +2,MYTHAL,Arentian Mythrandius
86077241,48,Tharsult,28.56,LUXURY SPECIALTIES,ARMS & ARMOUR,T'avin T'soban,GOGGLES,Knaves Eyepatch,MYTHAL,Arentian Mythrandius
86077241,4,Arn Rock,22.68,LUXURY SPECIALTIES,ARMS & ARMOUR,T'avin T'soban,GOGGLES,Knaves Eyepatch,MYTHAL,Arentian Mythrandius
86536899,39,Neverwinter,309.49,ADVENTURING,ARMS & ARMOUR,T'avin T'soban,MARTIAL MELEE WEAPON,Morningstar,U.N.N.,Ruralion Baeneduren
86536899,45,Silverymoon,580.96,ADVENTURING,ARMS & ARMOUR,T'avin T'soban,MARTIAL MELEE WEAPON,Morningstar,U.N.N.,Ruralion Baeneduren
86536899,28,Luiren,202.1,ADVENTURING,ARMS & ARMOUR,T'avin T'soban,MARTIAL MELEE WEAPON,Morningstar,U.N.N.,Ruralion Baeneduren
86565978,35,Moray,241.26,ADVENTURING,ARMS & ARMOUR,T'avin T'soban,AMMUNITION,Arrows (100),U.N.N.,Ruralion Baeneduren
86565978,37,Murghom,496.6,ADVENTURING,ARMS & ARMOUR,T'avin T'soban,AMMUNITION,Arrows (100),U.N.N.,Ruralion Baeneduren
86565978,40,Norland,288.22,ADVENTURING,ARMS & ARMOUR,T'avin T'soban,AMMUNITION,Arrows (100),U.N.N.,Ruralion Baeneduren
86720243,14,Dambrath,257.4,ADVENTURING,ARMS & ARMOUR,T'avin T'soban,MEDIUM ARMOUR,Half plate,U.N.N.,Ruralion Baeneduren
86720243,6,Blingdenstone,158.28,ADVENTURING,ARMS & ARMOUR,T'avin T'soban,MEDIUM ARMOUR,Half plate,U.N.N.,Ruralion Baeneduren
86748574,15,Durpar,716.86,ADVENTURING,ARMS & ARMOUR,T'avin T'soban,SHIELD,Shield,RED CURTAIN,Siras Invictus
87061582,45,Silverymoon,654.8,ADVENTURING,ARMS & ARMOUR,T'avin T'soban,MARTIAL MELEE WEAPON,Flail,RED CURTAIN,Siras Invictus
87061582,7,Calimshan,368.01,ADVENTURING,ARMS & ARMOUR,T'avin T'soban,MARTIAL MELEE WEAPON,Flail,RED CURTAIN,Siras Invictus
87152540,56,Whalebone Isles,24.57,ADVENTURING,ARMS & ARMOUR,T'avin T'soban,LIGHT ARMOUR,Leather Armour,U.N.N.,Ruralion Baeneduren
87342813,52,Unther,43.99,ADVENTURING,ADVENTURING EQUIPMENT,Bubbles,GAUNTLETS / GLOVES,Gloves of Thievery,MYTHAL,Arentian Mythrandius
87492183,40,Norland,237.37,ADVENTURING,ARMS & ARMOUR,T'avin T'soban,AMMUNITION,Blowgun needles (50),RED CURTAIN,Siras Invictus
87492183,11,Cormanthar,151,ADVENTURING,ARMS & ARMOUR,T'avin T'soban,AMMUNITION,Blowgun needles (50),RED CURTAIN,Siras Invictus
87991751,11,Cormanthar,130.27,ADVENTURING,ARMS & ARMOUR,T'avin T'soban,SIMPLE MELEE WEAPON,Mace,U.N.N.,Ruralion Baeneduren
88434288,38,Narfell,30.03,LUXURY SPECIALTIES,ADVENTURING EQUIPMENT,Bubbles,MAGIC UTILITY,Loadstone,U.N.N.,Ruralion Baeneduren
88434288,56,Whalebone Isles,26.39,LUXURY SPECIALTIES,ADVENTURING EQUIPMENT,Bubbles,MAGIC UTILITY,Loadstone,U.N.N.,Ruralion Baeneduren
88434288,44,Shar,24.57,LUXURY SPECIALTIES,ADVENTURING EQUIPMENT,Bubbles,MAGIC UTILITY,Loadstone,U.N.N.,Ruralion Baeneduren
88434288,22,Icewind Dale,47.32,LUXURY SPECIALTIES,ADVENTURING EQUIPMENT,Bubbles,MAGIC UTILITY,Loadstone,U.N.N.,Ruralion Baeneduren
89464293,26,Lantan,48.76,ADVENTURING,TOOLS & KITS,Kay Glimshine,TOOLS,Magnifying glass,U.N.N.,Ruralion Baeneduren
89464293,22,Icewind Dale,39.8,ADVENTURING,TOOLS & KITS,Kay Glimshine,TOOLS,Magnifying glass,U.N.N.,Ruralion Baeneduren
89464293,55,Waterdeep,143.28,ADVENTURING,TOOLS & KITS,Kay Glimshine,TOOLS,Magnifying glass,U.N.N.,Ruralion Baeneduren
89904177,21,Halruaa,118.17,COMMISSIONS,ARMS & ARMOUR,T'avin T'soban,SIMPLE MELEE WEAPON,Tinderstrike,MYTHAL,Arentian Mythrandius
89904177,20,Gundarlund,29.79,COMMISSIONS,ARMS & ARMOUR,T'avin T'soban,SIMPLE MELEE WEAPON,Tinderstrike,MYTHAL,Arentian Mythrandius
90478478,47,Tethyr,133.43,ADVENTURING,MUSICAL INSTRUMENT,Balthazaar Viscari,BRASS INSTRUMENT,Shawm,RED CURTAIN,Siras Invictus
90478478,4,Arn Rock,23.17,ADVENTURING,MUSICAL INSTRUMENT,Balthazaar Viscari,BRASS INSTRUMENT,Shawm,RED CURTAIN,Siras Invictus
90659810,36,Mulhorand,25.53,ADVENTURING,ADVENTURING EQUIPMENT,Bubbles,MAGIC UTILITY,Vox Seeker,RED CURTAIN,Siras Invictus
90659810,46,Snowdown,51.06,ADVENTURING,ADVENTURING EQUIPMENT,Bubbles,MAGIC UTILITY,Vox Seeker,RED CURTAIN,Siras Invictus
90763327,35,Moray,178.98,ADVENTURING,ARMS & ARMOUR,T'avin T'soban,SHIELD,Shield +1,MYTHAL,Arentian Mythrandius
91008035,57,Zakhara,39,LUXURY SPECIALTIES,ARMS & ARMOUR,T'avin T'soban,ARMOUR OTHER,Armour of Necrotic vulnerability,U.N.N.,Ruralion Baeneduren
91008035,38,Narfell,30,LUXURY SPECIALTIES,ARMS & ARMOUR,T'avin T'soban,ARMOUR OTHER,Armour of Necrotic vulnerability,U.N.N.,Ruralion Baeneduren
91237087,52,Unther,55.69,ADVENTURING,ADVENTURING EQUIPMENT,Bubbles,TOOLS,Clockwork Amulet,RED CURTAIN,Siras Invictus
91237087,31,Maztica,64.53,ADVENTURING,ADVENTURING EQUIPMENT,Bubbles,TOOLS,Clockwork Amulet,RED CURTAIN,Siras Invictus
92027482,44,Shar,28.45,LUXURY SPECIALTIES,ARMS & ARMOUR,T'avin T'soban,STAFF,Staff of Power,SABLE,Nundro Rockseeker
92027482,39,Neverwinter,337.9,LUXURY SPECIALTIES,ARMS & ARMOUR,T'avin T'soban,STAFF,Staff of Power,SABLE,Nundro Rockseeker
92166006,57,Zakhara,49.24,ADVENTURING,ADVENTURING EQUIPMENT,Bubbles,WAND,Wand of Scowls,ARCANTIC,Enthoril Murkywaters
92166006,18,Gracklstugh,33.44,ADVENTURING,ADVENTURING EQUIPMENT,Bubbles,WAND,Wand of Scowls,ARCANTIC,Enthoril Murkywaters
92482837,19,Great Dale,39.12,LUXURY SPECIALTIES,ADVENTURING EQUIPMENT,Bubbles,SPELL FOCUS,Libram of Souls & Flesh,U.N.N.,Ruralion Baeneduren
92817989,37,Murghom,289.22,COMMISSIONS,ARMS & ARMOUR,T'avin T'soban,HELMET,Red Dragon Mask,MYTHAL,Arentian Mythrandius
92963784,7,Calimshan,442.33,ADVENTURING,ARMS & ARMOUR,T'avin T'soban,MARTIAL MELEE WEAPON,Hellsteel Martial Melee Weapon,RED CURTAIN,Siras Invictus
92963784,17,Estagund,526.88,ADVENTURING,ARMS & ARMOUR,T'avin T'soban,MARTIAL MELEE WEAPON,Hellsteel Martial Melee Weapon,RED CURTAIN,Siras Invictus
92963784,53,Vaasa,741.37,ADVENTURING,ARMS & ARMOUR,T'avin T'soban,MARTIAL MELEE WEAPON,Hellsteel Martial Melee Weapon,RED CURTAIN,Siras Invictus
93088282,41,Purple Rock Isles,20.74,COMMISSIONS,ADVENTURING EQUIPMENT,Bubbles,SPELL FOCUS,Grimorie Infinitus,U.N.N.,Ruralion Baeneduren
93298732,45,Silverymoon,694.36,COMMISSIONS,ARMS & ARMOUR,T'avin T'soban,MARTIAL MELEE WEAPON,Blackrazor,SABLE,Nundro Rockseeker
93839509,19,Great Dale,485.21,COMMISSIONS,ARMS & ARMOUR,T'avin T'soban,HELMET,Green Dragon Mask,SABLE,Nundro Rockseeker
93839509,12,Cormyr,720.43,COMMISSIONS,ARMS & ARMOUR,T'avin T'soban,HELMET,Green Dragon Mask,SABLE,Nundro Rockseeker
94017551,31,Maztica,56.84,ADVENTURING,TOOLS & KITS,Kay Glimshine,TOOL KITS,Alchemist’s supplies,RED CURTAIN,Siras Invictus
94204032,55,Waterdeep,137.82,ADVENTURING,ADVENTURING EQUIPMENT,Bubbles,SURVIVAL & WILDERNESS,Barrel,RED CURTAIN,Siras Invictus
94407587,36,Mulhorand,36.67,ADVENTURING,ADVENTURING EQUIPMENT,Bubbles,SPELL FOCUS,Spellbook,U.N.N.,Ruralion Baeneduren
94774208,21,Halruaa,118.94,ADVENTURING,ADVENTURING EQUIPMENT,Bubbles,SPELL FOCUS,Xorian Wenge Focus,RED CURTAIN,Siras Invictus
94850774,44,Shar,24.49,ADVENTURING,ARMS & ARMOUR,T'avin T'soban,MARTIAL MELEE WEAPON,Blood Spear,ARCANTIC,Enthoril Murkywaters
95029264,13,Damara,1117.98,COMMISSIONS,ARMS & ARMOUR,T'avin T'soban,ROD,Korolnor Scepter,MYTHAL,Arentian Mythrandius
95029264,9,Chondath,1320.35,COMMISSIONS,ARMS & ARMOUR,T'avin T'soban,ROD,Korolnor Scepter,MYTHAL,Arentian Mythrandius
95029264,18,Gracklstugh,33.73,COMMISSIONS,ARMS & ARMOUR,T'avin T'soban,ROD,Korolnor Scepter,MYTHAL,Arentian Mythrandius
95029264,12,Cormyr,677.54,COMMISSIONS,ARMS & ARMOUR,T'avin T'soban,ROD,Korolnor Scepter,MYTHAL,Arentian Mythrandius
95578715,13,Damara,507.24,COMMISSIONS,ARMS & ARMOUR,T'avin T'soban,ROD,Korolnor Scepter,U.N.N.,Ruralion Baeneduren
95578715,9,Chondath,653.87,COMMISSIONS,ARMS & ARMOUR,T'avin T'soban,ROD,Korolnor Scepter,U.N.N.,Ruralion Baeneduren
95589159,25,Korinn Archipelego,96.04,LUXURY SPECIALTIES,POTIONS & SCROLLS,Bruno Notlot,SCROLL,Tome of Clear Thought,U.N.N.,Ruralion Baeneduren
95817283,43,Sembia,762.96,COMMISSIONS,ARMS & ARMOUR,T'avin T'soban,MARTIAL MELEE WEAPON,Hammer of Thunderbolts,MYTHAL,Arentian Mythrandius
95817283,12,Cormyr,790.24,COMMISSIONS,ARMS & ARMOUR,T'avin T'soban,MARTIAL MELEE WEAPON,Hammer of Thunderbolts,MYTHAL,Arentian Mythrandius
95817283,5,Baldur's Gate,533.28,COMMISSIONS,ARMS & ARMOUR,T'avin T'soban,MARTIAL MELEE WEAPON,Hammer of Thunderbolts,MYTHAL,Arentian Mythrandius
95817283,50,Thesk,73.92,COMMISSIONS,ARMS & ARMOUR,T'avin T'soban,MARTIAL MELEE WEAPON,Hammer of Thunderbolts,MYTHAL,Arentian Mythrandius
95871316,8,Chessentea,786.77,ADVENTURING,ARMS & ARMOUR,T'avin T'soban,SIMPLE MELEE WEAPON,Light hammer,RED CURTAIN,Siras Invictus
95871316,15,Durpar,748.37,ADVENTURING,ARMS & ARMOUR,T'avin T'soban,SIMPLE MELEE WEAPON,Light hammer,RED CURTAIN,Siras Invictus
96108470,50,Thesk,70.75,LUXURY SPECIALTIES,POTIONS & SCROLLS,Bruno Notlot,SCROLL,Spellwrought Tattoo Enchantment,RED CURTAIN,Siras Invictus
96227298,1,Aglarond,321.79,LUXURY SPECIALTIES,ARMS & ARMOUR,T'avin T'soban,STAFF,Staff of the Claw,RED CURTAIN,Siras Invictus
96290221,53,Vaasa,718.2,COMMISSIONS,ARMS & ARMOUR,T'avin T'soban,HEAVY ARMOUR,Efreeti Chain,MYTHAL,Arentian Mythrandius
96290221,16,Dwarfholds,551.38,COMMISSIONS,ARMS & ARMOUR,T'avin T'soban,HEAVY ARMOUR,Efreeti Chain,MYTHAL,Arentian Mythrandius
96290221,42,Ruathym,194.04,COMMISSIONS,ARMS & ARMOUR,T'avin T'soban,HEAVY ARMOUR,Efreeti Chain,MYTHAL,Arentian Mythrandius
96772117,15,Durpar,734.89,ADVENTURING,ARMS & ARMOUR,T'avin T'soban,AMMUNITION,Crossbow bolts (100),BORDERLANDS,Thaldrak Battlehammer
97088411,14,Dambrath,448.9,ADVENTURING,ARMS & ARMOUR,T'avin T'soban,SIMPLE MELEE WEAPON,Spear,BORDERLANDS,Thaldrak Battlehammer
97088411,6,Blingdenstone,291.16,ADVENTURING,ARMS & ARMOUR,T'avin T'soban,SIMPLE MELEE WEAPON,Spear,BORDERLANDS,Thaldrak Battlehammer
97100095,54,Veldorn,29.73,ADVENTURING,TOOLS & KITS,Kay Glimshine,TOOLS,"Case, crossbow bolt ",U.N.N.,Ruralion Baeneduren
97447635,42,Ruathym,136.53,ADVENTURING,ARMS & ARMOUR,T'avin T'soban,SIMPLE MELEE WEAPON,Hellsteel Simple Melee Weapon,BORDERLANDS,Thaldrak Battlehammer
97453139,50,Thesk,75.82,LUXURY SPECIALTIES,ADVENTURING EQUIPMENT,Bubbles,MAGIC UTILITY,Hewards Handy Haversack,ARCANTIC,Enthoril Murkywaters
97570403,51,Turmish,909.95,COMMISSIONS,ARMS & ARMOUR,T'avin T'soban,SIMPLE MELEE WEAPON,Azuredge,ARCANTIC,Enthoril Murkywaters
97801170,33,Mereu,33.95,ADVENTURING,ANIMALS & TRANSPORTATION,Shade Tabaxii,MOUNT,Saddlebags,RED CURTAIN,Siras Invictus
98264020,36,Mulhorand,24.05,LUXURY SPECIALTIES,ADVENTURING EQUIPMENT,Bubbles,MAGIC UTILITY,Eversmoking Bottle,MYTHAL,Arentian Mythrandius
98738179,54,Veldorn,22.79,ADVENTURING,TOOLS & KITS,Kay Glimshine,TOOLS,Lamp,RED CURTAIN,Siras Invictus
98738179,52,Unther,44.59,ADVENTURING,TOOLS & KITS,Kay Glimshine,TOOLS,Lamp,RED CURTAIN,Siras Invictus
99070920,10,Chult,53.01,ADVENTURING,TOOLS & KITS,Kay Glimshine,TOOL KITS,Weaver’s tools,U.N.N.,Ruralion Baeneduren
99169778,32,Menzoberranzan,29.97,ADVENTURING,ARMS & ARMOUR,T'avin T'soban,SIMPLE MELEE WEAPON,Shatterspike,ARCANTIC,Enthoril Murkywaters
99169778,10,Chult,61.94,ADVENTURING,ARMS & ARMOUR,T'avin T'soban,SIMPLE MELEE WEAPON,Shatterspike,ARCANTIC,Enthoril Murkywaters
99169778,20,Gundarlund,24.98,ADVENTURING,ARMS & ARMOUR,T'avin T'soban,SIMPLE MELEE WEAPON,Shatterspike,ARCANTIC,Enthoril Murkywaters
99169778,24,Kara-Tur,59.44,ADVENTURING,ARMS & ARMOUR,T'avin T'soban,SIMPLE MELEE WEAPON,Shatterspike,ARCANTIC,Enthoril Murkywaters
99410440,39,Neverwinter,257.68,LUXURY SPECIALTIES,ARMS & ARMOUR,T'avin T'soban,SHIELD,Shield +3,RED CURTAIN,Siras Invictus
99410440,42,Ruathym,99.88,LUXURY SPECIALTIES,ARMS & ARMOUR,T'avin T'soban,SHIELD,Shield +3,RED CURTAIN,Siras Invictus
99581846,34,Mintarn,25.81,LUXURY SPECIALTIES,ANIMALS & TRANSPORTATION,Shade Tabaxii,VEHICLE,Broom of Flying,MYTHAL,Arentian Mythrandius
99643824,50,Thesk,83.78,ADVENTURING,POTIONS & SCROLLS,Bruno Notlot,SCROLL,Ink pen (with Ink),BORDERLANDS,Thaldrak Battlehammer
99648583,5,Baldur's Gate,474.1,LUXURY SPECIALTIES,ARMS & ARMOUR,T'avin T'soban,HEAVY ARMOUR,Dwarven Plate,SABLE,Nundro Rockseeker
99648583,43,Sembia,882.1,LUXURY SPECIALTIES,ARMS & ARMOUR,T'avin T'soban,HEAVY ARMOUR,Dwarven Plate,SABLE,Nundro Rockseeker
99680533,13,Damara,369.33,ADVENTURING,ARMS & ARMOUR,T'avin T'soban,SIMPLE MELEE WEAPON,Javelin (10),BORDERLANDS,Thaldrak Battlehammer
99715911,49,Thay,745.12,ADVENTURING,ARMS & ARMOUR,T'avin T'soban,MARTIAL MELEE WEAPON,Greatsword,BORDERLANDS,Thaldrak Battlehammer
99715911,27,Lapaliiya & Thindol,948.41,ADVENTURING,ARMS & ARMOUR,T'avin T'soban,MARTIAL MELEE WEAPON,Greatsword,BORDERLANDS,Thaldrak Battlehammer
99715911,23,Impiltur,711.9,ADVENTURING,ARMS & ARMOUR,T'avin T'soban,MARTIAL MELEE WEAPON,Greatsword,BORDERLANDS,Thaldrak Battlehammer
99715911,3,Amn,1158.82,ADVENTURING,ARMS & ARMOUR,T'avin T'soban,MARTIAL MELEE WEAPON,Greatsword,BORDERLANDS,Thaldrak Battlehammer
99715911,2,Alaron,486.46,ADVENTURING,ARMS & ARMOUR,T'avin T'soban,MARTIAL MELEE WEAPON,Greatsword,BORDERLANDS,Thaldrak Battlehammer
99825633,14,Dambrath,435.61,ADVENTURING,ARMS & ARMOUR,T'avin T'soban,MARTIAL MELEE WEAPON,Tentacle Rod,RED CURTAIN,Siras Invictus
99825633,6,Blingdenstone,303.53,ADVENTURING,ARMS & ARMOUR,T'avin T'soban,MARTIAL MELEE WEAPON,Tentacle Rod,RED CURTAIN,Siras Invictus
99920567,11,Cormanthar,114.53,LUXURY SPECIALTIES,ARMS & ARMOUR,T'avin T'soban,SHIELD,Shield of Far Sight,BORDERLANDS,Thaldrak Battlehammer
